PU_ID,Age,Height,Weight
0,31.0,164.24,64.9
1,22.0,164.49,55.64
3,29.0,184.57,50.95
4,27.0,192.17,78.83
9,23.0,179.87,64.68
11,20.0,180.05,93.73
13,20.0,173.94,65.33
14,38.0,167.17,109.7
17,34.0,179.81,92.28
18,27.0,177.11,81.17
20,34.0,168.59,81.58
23,28.0,182.27,53.48
24,24.0,197.16,86.69
25,19.0,225.74,52.3
29,25.0,171.53,115.27
30,37.0,184.61,69.18
31,31.0,181.78,91.25
33,39.0,186.25,57.24
34,38.0,187.93,66.18
39,32.0,181.18,116.94
45,22.0,162.99,84.72
46,28.0,178.43,74.34
47,32.0,195.63,109.07
48,25.0,163.78,75.26
49,36.0,199.56,107.85
50,25.0,197.96,81.65
51,36.0,163.13,86.66
52,35.0,191.78,108.36
55,26.0,176.74,104.18
57,36.0,192.41,92.81
59,36.0,177.2,110.72
60,18.0,183.73,72.9
63,24.0,173.92,62.85
66,22.0,164.29,74.75
68,38.0,161.34,91.97
72,39.0,197.85,58.85
73,32.0,189.33,206.51
75,18.0,185.81,67.99
77,18.0,164.28,108.36
80,35.0,183.47,52.91
82,33.0,162.89,101.52
83,30.0,187.63,165.56
85,18.0,175.17,81.59
86,33.0,173.61,60.44
87,18.0,184.83,118.95
88,34.0,181.98,224.5
90,19.0,192.99,78.81
93,31.0,162.46,87.26
94,35.0,186.89,109.66
95,23.0,175.21,73.95
98,26.0,189.71,86.53
101,34.0,170.97,83.74
103,31.0,165.78,82.38
104,39.0,165.36,79.33
106,23.0,192.17,74.85
107,24.0,167.23,118.78
108,29.0,176.26,125.31
109,20.0,179.01,91.37
113,33.0,189.56,107.34
115,25.0,170.52,83.93
117,30.0,179.91,88.12
120,27.0,175.94,119.36
121,38.0,176.36,60.91
122,26.0,177.83,67.75
128,36.0,179.74,85.47
130,20.0,183.79,99.61
131,23.0,187.99,77.36
132,20.0,169.85,108.89
135,33.0,199.31,96.33
140,24.0,167.62,97.64
141,26.0,177.69,79.89
142,37.0,185.71,74.25
143,29.0,175.59,75.85
144,22.0,189.66,112.21
145,20.0,249.14,82.71
147,21.0,183.81,86.04
151,29.0,180.59,111.55
154,19.0,186.59,97.19
157,33.0,197.45,69.12
158,33.0,160.74,78.63
159,20.0,249.14,82.71
160,39.0,160.87,94.71
161,21.0,179.34,101.72
162,28.0,180.04,79.91
163,31.0,172.87,75.64
168,27.0,181.23,93.04
169,26.0,183.59,107.57
170,28.0,223.76,88.24
172,27.0,183.78,87.97
173,34.0,169.97,75.98
176,19.0,182.51,73.49
178,36.0,167.82,97.15
179,25.0,215.85,65.2
180,20.0,213.01,118.9
183,18.0,170.5,80.93
184,38.0,161.57,87.49
185,20.0,172.22,59.6
186,39.0,189.78,87.69
193,27.0,175.52,110.73
196,21.0,183.2,52.57
200,37.0,173.16,111.08
202,29.0,160.96,51.56
203,24.0,172.52,200.34
205,19.0,182.16,105.26
207,39.0,171.42,74.18
209,26.0,175.32,116.8
210,38.0,193.42,76.0
212,22.0,177.55,109.49
213,20.0,175.73,106.5
214,34.0,193.86,74.21
216,18.0,182.08,71.18
217,24.0,169.24,59.22
219,22.0,181.28,86.5
220,36.0,192.36,95.08
221,28.0,240.15,119.62
222,19.0,168.6,50.84
224,26.0,182.46,90.16
228,22.0,178.04,88.55
229,38.0,177.27,68.82
230,22.0,182.2,53.92
234,37.0,169.06,71.51
235,23.0,216.77,87.35
236,37.0,179.95,59.4
237,35.0,192.77,115.28
238,19.0,170.87,112.62
239,23.0,166.79,63.3
240,26.0,246.08,102.63
241,20.0,190.8,123.89
242,18.0,178.49,109.86
244,36.0,189.44,67.58
245,22.0,182.19,114.09
247,36.0,192.84,90.59
249,33.0,167.45,115.15
252,29.0,189.93,83.27
257,30.0,187.45,54.34
259,39.0,172.47,99.53
263,22.0,194.08,106.41
266,18.0,187.52,80.36
271,35.0,173.81,83.95
273,29.0,176.11,97.81
275,30.0,168.87,102.4
276,27.0,170.78,76.31
277,24.0,169.71,86.17
282,26.0,165.88,111.89
284,35.0,197.9,78.36
288,32.0,225.72,118.71
289,21.0,199.44,63.95
292,39.0,173.55,110.79
295,27.0,191.75,88.15
298,35.0,186.81,51.18
299,24.0,175.96,167.16
300,21.0,184.62,110.12
302,33.0,175.71,116.94
303,20.0,182.55,111.57
309,18.0,180.09,130.62
310,38.0,160.8,114.83
311,34.0,246.32,163.78
312,28.0,177.94,75.43
313,34.0,160.6,94.07
314,31.0,170.58,97.17
315,37.0,180.56,64.75
317,38.0,197.03,140.59
318,24.0,185.81,63.07
320,35.0,197.21,85.96
321,31.0,179.64,117.58
323,24.0,165.23,115.82
324,25.0,187.03,59.84
327,18.0,208.63,88.51
328,39.0,180.82,107.96
329,34.0,199.46,97.04
330,36.0,173.33,117.95
339,38.0,181.51,51.19
344,24.0,167.94,69.5
345,33.0,186.09,77.54
346,20.0,180.66,59.23
352,38.0,171.3,128.83
354,28.0,199.82,159.88
358,26.0,169.8,103.21
359,23.0,189.19,62.24
360,37.0,192.44,73.7
362,26.0,199.66,75.14
363,38.0,171.76,66.13
364,23.0,175.61,90.56
365,20.0,164.62,105.87
369,18.0,183.64,91.57
371,22.0,185.84,108.49
372,23.0,198.92,108.26
375,32.0,194.52,82.78
377,30.0,163.14,85.28
380,24.0,166.2,108.96
382,27.0,180.86,90.28
383,34.0,197.33,58.63
385,25.0,187.72,101.24
386,21.0,184.51,53.0
387,33.0,177.11,86.27
389,39.0,196.43,58.69
390,37.0,166.98,158.79
393,35.0,170.53,76.9
396,20.0,163.56,92.49
398,37.0,174.89,115.17
401,39.0,176.92,107.32
403,38.0,174.62,90.55
405,28.0,184.69,79.39
406,28.0,186.94,112.28
408,33.0,192.16,110.55
412,29.0,163.37,82.75
413,32.0,192.47,56.5
415,22.0,189.18,55.28
416,22.0,208.01,109.6
417,32.0,185.52,87.62
420,29.0,161.66,79.62
422,37.0,174.92,79.31
426,39.0,215.85,106.62
430,28.0,181.16,54.85
433,28.0,163.88,101.77
440,20.0,179.27,171.82
441,26.0,171.11,76.76
443,28.0,184.2,114.47
444,29.0,184.56,87.46
445,29.0,181.28,85.81
446,20.0,163.67,68.6
448,24.0,199.98,82.05
454,28.0,160.12,80.36
455,32.0,172.14,55.02
456,36.0,164.34,116.05
457,33.0,178.91,90.25
458,39.0,187.09,108.72
460,37.0,189.97,103.26
462,35.0,184.59,64.08
463,30.0,160.49,58.71
464,22.0,184.03,74.15
468,26.0,170.79,95.75
469,36.0,180.46,72.2
470,20.0,177.61,71.04
471,22.0,180.5,89.99
473,35.0,175.49,104.87
478,34.0,190.27,108.51
484,20.0,249.14,82.71
486,21.0,170.32,104.33
487,29.0,188.62,80.22
488,30.0,164.39,73.26
491,32.0,162.67,119.99
492,34.0,199.04,84.51
497,31.0,179.41,88.12
498,23.0,193.21,105.68
500,23.0,186.98,101.88
501,35.0,174.16,95.31
502,22.0,184.13,95.99
506,32.0,182.33,81.69
509,39.0,161.34,96.74
512,35.0,173.01,90.6
513,29.0,178.84,115.96
516,25.0,194.31,90.49
517,24.0,195.9,62.45
518,38.0,182.36,53.59
523,20.0,167.05,89.39
525,27.0,179.06,62.99
527,31.0,161.28,68.05
528,35.0,185.75,179.16
529,25.0,233.16,85.28
530,27.0,190.38,64.22
531,39.0,195.44,54.73
532,30.0,168.59,62.0
533,38.0,197.11,237.81
535,21.0,180.13,77.5
537,22.0,160.28,117.08
540,19.0,170.41,114.95
541,25.0,167.08,69.07
546,24.0,166.09,111.68
549,24.0,186.16,84.13
550,31.0,184.02,75.64
551,38.0,160.21,95.18
554,21.0,195.8,114.32
555,27.0,186.37,92.64
556,35.0,173.79,106.51
558,33.0,263.09,83.03
561,22.0,213.64,87.43
562,20.0,186.2,51.41
564,32.0,174.02,94.92
568,33.0,160.04,79.05
569,28.0,181.52,74.86
571,20.0,188.09,110.92
574,31.0,176.39,85.1
575,19.0,181.0,166.05
576,27.0,186.84,102.07
577,36.0,177.9,59.8
580,36.0,172.67,80.69
581,35.0,170.33,51.18
582,26.0,177.74,60.61
584,30.0,169.2,66.78
586,37.0,179.53,98.43
587,31.0,187.25,104.07
588,29.0,176.11,97.81
590,24.0,195.76,75.85
591,32.0,203.5,115.32
593,25.0,185.42,93.01
594,27.0,172.15,51.96
595,21.0,199.32,115.23
597,36.0,173.67,53.03
602,33.0,182.28,82.89
603,27.0,186.23,76.86
604,36.0,179.88,58.34
605,39.0,161.28,67.15
606,20.0,190.83,57.01
607,22.0,188.65,106.52
610,28.0,169.08,73.99
613,29.0,174.88,81.99
615,23.0,193.12,91.5
617,25.0,183.56,100.56
619,19.0,169.65,96.86
623,18.0,178.23,63.05
624,27.0,173.51,89.24
625,19.0,188.12,93.07
636,36.0,166.87,107.9
637,18.0,164.1,72.32
639,37.0,163.77,74.59
642,22.0,169.98,52.5
643,34.0,195.63,100.87
646,19.0,192.85,69.13
647,26.0,179.72,94.82
648,20.0,177.74,82.78
650,24.0,187.27,99.94
653,39.0,184.96,113.78
654,37.0,172.34,52.03
655,35.0,161.58,103.95
656,20.0,160.58,57.72
657,31.0,164.77,51.92
659,31.0,182.69,68.85
665,28.0,185.0,90.15
667,34.0,223.4,99.71
670,25.0,175.66,57.96
671,39.0,195.55,99.33
672,22.0,169.61,109.56
675,32.0,191.82,85.28
676,29.0,176.68,97.64
678,18.0,169.27,92.03
680,31.0,193.36,74.98
681,37.0,182.14,80.91
684,26.0,175.67,84.52
688,38.0,173.78,63.72
689,38.0,179.93,98.43
690,22.0,184.01,210.06
692,23.0,165.6,99.11
693,36.0,180.53,102.45
697,32.0,185.21,72.87
705,28.0,185.6,101.48
709,34.0,166.82,64.99
710,28.0,165.45,88.62
711,39.0,185.22,118.54
714,38.0,195.55,67.01
717,25.0,168.77,89.49
718,18.0,190.51,113.9
720,21.0,169.37,88.01
722,20.0,188.44,86.53
723,30.0,172.22,135.35
724,37.0,172.86,63.44
726,28.0,209.14,78.09
730,24.0,185.17,97.22
731,39.0,185.14,113.57
732,28.0,173.25,85.3
733,18.0,164.75,110.05
736,24.0,191.36,87.76
737,24.0,179.35,95.4
738,27.0,178.22,56.83
739,33.0,173.41,66.83
744,30.0,181.74,102.99
745,30.0,160.74,50.42
746,21.0,178.93,53.34
748,34.0,191.62,74.42
749,19.0,167.75,95.18
751,35.0,180.5,82.55
753,25.0,224.02,114.22
756,37.0,183.22,82.05
759,22.0,193.26,80.71
760,26.0,183.35,51.21
763,31.0,179.02,90.61
765,38.0,170.67,60.91
766,30.0,198.68,63.25
770,39.0,169.84,69.01
771,22.0,187.96,52.32
772,30.0,170.12,86.19
773,28.0,161.62,63.77
775,20.0,177.67,189.77
777,24.0,183.52,104.81
778,24.0,180.06,62.65
779,23.0,194.94,106.01
781,30.0,187.26,96.83
782,24.0,187.2,216.52
783,22.0,186.76,90.17
786,25.0,161.68,81.67
788,37.0,175.92,93.16
789,18.0,185.05,66.37
790,31.0,175.97,55.59
792,27.0,177.29,92.58
793,29.0,174.89,75.35
794,33.0,180.26,102.66
796,33.0,179.21,103.72
797,25.0,184.95,78.5
801,37.0,176.38,115.53
803,34.0,197.02,114.42
805,36.0,164.36,87.55
806,25.0,179.86,101.95
809,38.0,184.76,80.48
810,26.0,165.75,119.85
811,21.0,180.89,74.4
815,32.0,179.36,72.81
816,26.0,199.13,93.19
817,24.0,179.35,95.4
819,33.0,161.82,93.78
823,32.0,165.12,108.89
824,23.0,199.92,76.73
825,29.0,176.11,97.81
827,37.0,196.32,96.61
832,22.0,187.47,154.33
835,25.0,188.37,61.99
836,37.0,181.28,72.81
837,39.0,179.12,51.51
839,27.0,183.65,103.01
845,26.0,227.3,65.89
846,33.0,169.69,88.74
850,25.0,194.9,84.17
851,37.0,215.08,54.03
852,36.0,183.2,86.59
855,22.0,184.0,86.76
861,18.0,165.06,86.04
862,39.0,182.63,126.14
863,29.0,165.68,80.92
864,19.0,180.15,50.24
865,35.0,191.78,108.36
866,24.0,177.38,108.37
868,39.0,197.1,89.5
870,24.0,179.5,102.11
871,39.0,183.13,101.7
872,20.0,187.57,84.21
873,23.0,164.28,95.09
876,34.0,162.89,95.95
877,29.0,191.45,91.84
879,34.0,164.01,77.89
881,20.0,195.21,112.1
883,35.0,198.31,97.37
886,34.0,175.21,50.74
887,21.0,192.74,110.32
888,27.0,174.65,91.36
889,28.0,184.06,50.28
891,23.0,187.85,74.45
895,21.0,199.9,105.67
897,34.0,207.11,108.94
898,25.0,180.52,100.42
900,39.0,191.07,64.04
901,29.0,191.54,112.22
902,38.0,188.32,70.41
903,25.0,170.17,50.94
904,36.0,258.33,109.04
905,20.0,195.74,122.33
907,38.0,165.22,66.2
911,23.0,195.46,60.47
913,25.0,211.7,70.39
914,33.0,178.94,106.6
915,35.0,162.05,114.42
917,33.0,211.03,106.67
918,28.0,185.91,106.16
919,24.0,180.11,95.39
924,27.0,184.32,63.7
925,24.0,198.92,99.45
928,34.0,188.19,69.93
929,21.0,184.41,72.24
930,38.0,166.16,71.14
931,22.0,184.99,102.35
934,27.0,171.55,111.76
935,34.0,197.52,98.44
936,24.0,193.03,97.28
940,26.0,182.37,74.9
941,29.0,167.5,72.55
942,20.0,177.93,98.05
944,21.0,173.1,99.66
945,30.0,191.24,115.45
946,36.0,193.62,80.39
947,27.0,184.68,92.8
953,19.0,185.67,91.69
955,28.0,196.32,81.17
956,30.0,174.53,95.31
958,24.0,180.03,52.45
960,28.0,173.78,51.6
961,19.0,228.25,110.36
962,24.0,190.38,61.03
963,21.0,178.64,98.81
969,22.0,180.55,80.67
972,29.0,231.61,66.65
975,23.0,216.03,63.59
976,25.0,178.37,83.39
977,30.0,182.45,110.65
979,19.0,160.81,94.45
980,26.0,180.96,88.36
981,28.0,180.2,61.87
982,23.0,181.01,107.22
984,24.0,196.46,108.77
986,23.0,174.76,94.7
987,28.0,176.96,112.88
994,34.0,165.29,54.87
996,24.0,177.42,55.77
1004,28.0,180.34,88.99
1005,18.0,178.07,100.56
1007,30.0,205.86,109.75
1008,22.0,187.47,154.33
1009,37.0,185.1,74.03
1013,35.0,169.42,88.69
1016,34.0,166.66,106.68
1017,31.0,181.15,78.53
1018,21.0,178.64,98.81
1025,22.0,177.56,96.4
1026,21.0,177.27,109.1
1027,21.0,186.33,103.61
1028,23.0,180.52,76.54
1030,38.0,170.94,63.03
1032,39.0,182.24,99.65
1037,31.0,184.81,75.6
1038,21.0,181.77,76.2
1039,34.0,189.59,82.47
1041,31.0,181.37,50.45
1045,37.0,176.51,87.45
1046,25.0,190.57,59.13
1047,20.0,249.14,82.71
1048,36.0,162.84,99.69
1051,32.0,189.94,90.51
1052,39.0,203.6,95.91
1053,27.0,198.12,98.6
1058,30.0,163.61,85.28
1060,22.0,179.16,92.38
1061,30.0,164.18,79.11
1065,36.0,221.35,91.09
1066,34.0,176.38,96.95
1067,20.0,198.12,95.05
1068,33.0,194.62,67.06
1069,31.0,171.86,92.62
1071,29.0,177.42,84.38
1072,28.0,182.33,71.48
1073,34.0,183.03,57.14
1074,25.0,183.34,54.39
1075,34.0,190.0,74.42
1076,38.0,210.15,106.33
1078,28.0,194.33,112.77
1079,19.0,172.39,114.4
1081,27.0,164.71,118.81
1083,23.0,187.85,74.45
1085,29.0,161.86,68.7
1098,33.0,184.46,96.21
1099,23.0,214.27,105.62
1101,39.0,176.39,115.96
1103,27.0,178.89,64.45
1105,31.0,183.65,57.75
1109,28.0,192.11,89.95
1110,29.0,165.58,88.88
1116,21.0,188.01,70.38
1118,18.0,204.69,218.02
1124,27.0,196.45,106.08
1129,28.0,189.93,97.67
1130,23.0,177.93,88.68
1133,32.0,165.6,137.8
1134,30.0,173.93,101.53
1138,32.0,194.97,99.18
1139,35.0,177.85,119.99
1141,24.0,174.31,79.97
1144,35.0,196.11,88.93
1147,19.0,204.72,92.61
1149,37.0,168.33,111.86
1152,24.0,189.7,82.53
1154,27.0,167.95,97.46
1158,19.0,190.2,56.73
1160,36.0,170.62,96.53
1161,19.0,183.2,82.24
1162,38.0,195.77,80.04
1163,37.0,179.01,112.81
1166,29.0,162.97,115.74
1168,37.0,184.61,69.18
1169,35.0,179.34,63.66
1171,18.0,184.29,51.82
1174,22.0,182.77,66.8
1175,28.0,204.91,101.04
1179,39.0,181.29,67.14
1184,18.0,177.78,76.51
1185,34.0,183.56,98.64
1186,28.0,165.57,107.23
1189,28.0,169.16,93.32
1190,22.0,163.97,53.88
1191,34.0,196.36,97.01
1192,39.0,168.6,97.95
1194,27.0,167.26,107.35
1195,28.0,160.56,98.36
1197,37.0,195.0,71.36
1198,27.0,183.98,91.07
1199,27.0,181.92,76.52
1200,31.0,171.41,144.89
1201,29.0,179.04,107.4
1202,32.0,198.17,50.66
1204,27.0,180.26,103.18
1205,36.0,177.58,103.3
1207,27.0,178.24,115.1
1209,34.0,191.95,66.24
1210,24.0,169.73,226.52
1212,37.0,241.16,97.76
1213,26.0,198.2,86.63
1214,39.0,167.72,90.42
1215,19.0,195.31,139.94
1217,34.0,198.71,109.66
1218,18.0,179.12,199.06
1219,26.0,246.08,102.63
1222,36.0,224.67,58.35
1225,30.0,163.85,101.32
1226,21.0,178.64,98.81
1227,26.0,178.36,79.3
1237,36.0,218.91,102.76
1240,24.0,169.69,101.68
1241,33.0,187.15,95.12
1243,33.0,180.36,103.73
1244,18.0,195.51,103.93
1247,24.0,174.9,83.55
1248,36.0,178.23,100.61
1249,39.0,167.08,77.53
1252,39.0,194.09,104.9
1255,19.0,174.57,95.22
1256,32.0,168.4,75.42
1259,28.0,211.63,73.78
1261,21.0,166.62,73.16
1263,21.0,169.16,114.25
1266,35.0,191.78,108.36
1267,19.0,195.09,94.87
1270,36.0,160.61,52.65
1271,26.0,177.06,81.98
1273,24.0,181.26,71.92
1276,27.0,176.81,108.58
1277,38.0,167.31,96.55
1278,26.0,190.02,68.68
1279,32.0,211.93,58.19
1281,20.0,187.94,57.49
1286,24.0,185.23,93.87
1288,26.0,174.14,93.11
1289,23.0,179.3,88.55
1293,18.0,177.35,131.7
1294,36.0,168.09,112.84
1295,23.0,168.56,118.58
1298,26.0,189.96,94.99
1299,31.0,191.77,52.32
1304,25.0,188.27,77.44
1305,21.0,178.45,95.22
1315,23.0,166.93,78.72
1316,27.0,173.64,73.43
1317,22.0,176.34,75.62
1319,27.0,190.55,91.1
1324,24.0,226.63,81.61
1328,21.0,174.9,214.95
1329,37.0,191.06,112.01
1330,27.0,183.84,100.58
1333,31.0,164.72,92.58
1334,33.0,211.03,106.67
1338,27.0,188.01,115.47
1339,39.0,168.07,93.77
1340,37.0,177.19,63.46
1341,18.0,179.76,54.8
1344,22.0,165.14,90.22
1345,33.0,187.9,55.86
1346,32.0,180.25,69.13
1347,34.0,161.03,121.96
1349,30.0,194.07,68.06
1353,19.0,174.54,81.67
1355,31.0,180.27,106.18
1362,27.0,178.85,120.78
1364,38.0,171.66,77.45
1370,28.0,223.93,81.09
1371,37.0,180.04,62.38
1379,39.0,192.56,51.68
1381,26.0,197.98,96.93
1384,27.0,178.06,67.96
1386,28.0,198.78,55.38
1387,27.0,161.55,105.99
1388,39.0,190.14,114.77
1390,35.0,174.74,73.92
1393,27.0,183.41,95.6
1395,29.0,196.41,85.0
1396,18.0,172.16,113.53
1399,33.0,164.01,84.76
1403,38.0,175.49,71.99
1405,25.0,180.55,102.51
1406,27.0,187.78,64.31
1408,22.0,171.38,77.22
1414,38.0,174.43,91.16
1423,26.0,191.59,89.39
1426,27.0,176.47,114.24
1430,21.0,169.2,67.24
1431,32.0,160.23,115.31
1433,24.0,175.59,105.28
1439,28.0,184.37,112.38
1440,33.0,173.2,104.51
1441,25.0,190.77,112.3
1442,28.0,183.76,114.97
1443,24.0,172.99,66.67
1448,21.0,176.81,110.3
1450,30.0,194.92,75.77
1451,19.0,194.54,52.74
1455,30.0,181.74,102.99
1457,26.0,196.18,75.96
1458,30.0,167.92,62.08
1460,39.0,160.81,111.43
1462,25.0,186.47,69.17
1465,19.0,213.93,103.0
1468,25.0,197.16,67.84
1469,22.0,168.9,84.4
1470,26.0,199.99,104.04
1471,18.0,166.86,116.38
1473,27.0,185.56,73.43
1477,32.0,202.27,103.19
1478,28.0,179.32,83.91
1482,30.0,180.95,105.39
1485,20.0,177.93,96.73
1486,19.0,166.64,150.61
1489,20.0,186.3,76.68
1491,37.0,175.63,89.59
1492,32.0,197.86,50.36
1493,31.0,169.86,115.35
1495,34.0,186.25,99.05
1496,39.0,177.93,99.41
1497,25.0,197.5,82.7
1499,35.0,171.94,62.43
1503,20.0,189.22,112.47
1505,29.0,172.0,86.78
1506,39.0,168.55,146.4
1512,26.0,246.08,102.63
1514,29.0,179.21,90.02
1515,22.0,194.82,115.65
1516,28.0,176.58,50.53
1517,37.0,197.07,67.9
1518,20.0,187.95,84.04
1519,38.0,170.29,102.16
1521,31.0,179.36,50.31
1523,37.0,183.65,83.06
1526,29.0,197.95,65.54
1530,29.0,174.28,76.6
1531,33.0,180.51,53.13
1532,33.0,187.03,87.02
1538,30.0,197.25,105.44
1540,21.0,176.86,117.78
1546,27.0,182.66,108.53
1548,24.0,182.63,102.2
1549,36.0,193.25,67.74
1553,30.0,176.63,110.58
1554,38.0,205.68,79.25
1555,19.0,191.95,102.52
1556,27.0,197.81,88.36
1560,18.0,191.01,77.34
1561,31.0,222.32,84.01
1563,37.0,196.97,52.48
1564,32.0,188.5,93.88
1567,30.0,161.61,114.55
1568,32.0,175.46,60.62
1573,28.0,182.5,93.73
1575,37.0,199.53,69.53
1576,20.0,173.85,103.33
1577,29.0,176.11,97.81
1580,31.0,188.71,51.71
1582,38.0,163.56,58.94
1584,28.0,192.52,69.71
1586,36.0,163.64,98.2
1587,39.0,161.97,55.18
1588,18.0,176.92,64.23
1589,29.0,176.11,97.81
1591,35.0,170.71,74.04
1592,31.0,181.41,90.03
1594,30.0,161.82,111.29
1595,32.0,249.02,97.98
1598,37.0,170.95,55.35
1600,31.0,192.77,89.8
1603,39.0,175.26,67.04
1605,28.0,188.74,102.97
1606,37.0,175.68,95.8
1608,36.0,182.4,110.97
1611,37.0,198.11,69.69
1614,31.0,173.29,77.51
1616,19.0,172.58,118.59
1617,22.0,188.01,84.56
1618,25.0,193.05,77.34
1621,33.0,170.9,95.18
1624,32.0,174.49,51.21
1625,18.0,189.36,104.5
1626,39.0,164.16,72.98
1628,23.0,181.29,76.43
1630,31.0,186.23,61.1
1632,35.0,191.78,108.36
1633,32.0,161.22,73.65
1636,20.0,177.73,111.87
1637,27.0,197.13,115.59
1638,34.0,183.12,80.18
1644,22.0,185.37,76.39
1646,36.0,188.9,173.94
1647,32.0,193.42,112.21
1649,32.0,187.2,113.6
1650,22.0,194.05,80.9
1652,37.0,171.53,74.41
1654,20.0,187.16,53.99
1657,24.0,172.4,80.21
1659,38.0,172.68,116.13
1662,30.0,197.68,120.31
1663,36.0,168.65,69.05
1664,37.0,190.86,117.52
1667,21.0,178.77,97.14
1668,18.0,173.87,98.8
1669,35.0,194.5,74.83
1670,36.0,194.17,112.12
1672,30.0,181.63,89.05
1674,30.0,176.63,70.83
1676,28.0,188.21,80.77
1677,29.0,197.72,71.15
1683,26.0,179.78,92.6
1684,27.0,190.47,154.35
1685,21.0,178.64,98.81
1686,37.0,184.61,69.18
1687,26.0,162.47,97.99
1691,29.0,193.73,53.53
1692,35.0,183.62,95.73
1693,29.0,197.75,79.67
1695,22.0,197.62,119.81
1696,37.0,184.61,69.18
1698,38.0,199.08,81.55
1700,26.0,161.23,61.02
1701,35.0,188.95,109.93
1702,20.0,196.22,113.67
1706,18.0,199.61,97.86
1709,22.0,171.34,96.97
1711,26.0,184.3,89.16
1712,20.0,249.14,82.71
1716,35.0,180.13,87.61
1719,19.0,179.52,94.22
1720,31.0,197.65,103.53
1722,18.0,175.59,109.48
1726,29.0,196.62,55.29
1729,32.0,160.99,98.25
1732,25.0,188.42,95.19
1734,19.0,161.76,84.16
1739,21.0,177.18,118.64
1740,31.0,177.65,69.98
1742,27.0,185.57,75.17
1744,21.0,188.55,86.19
1746,34.0,217.86,116.18
1748,24.0,197.71,88.1
1751,30.0,191.84,60.64
1752,19.0,184.39,91.07
1755,28.0,183.52,100.01
1756,39.0,180.41,88.86
1757,32.0,181.16,57.62
1759,26.0,178.5,81.66
1760,26.0,171.18,101.41
1762,18.0,194.97,92.31
1763,34.0,183.12,80.18
1765,27.0,167.49,87.98
1766,22.0,190.93,92.78
1767,35.0,178.97,77.31
1772,23.0,181.74,78.82
1773,25.0,195.88,113.56
1774,29.0,196.07,66.51
1775,38.0,173.14,53.61
1776,31.0,198.1,119.74
1777,29.0,161.0,101.56
1781,32.0,177.25,80.74
1786,33.0,211.03,106.67
1787,24.0,186.97,116.91
1788,22.0,168.18,90.62
1789,20.0,197.31,81.08
1790,35.0,174.95,73.62
1791,28.0,166.0,153.41
1793,38.0,182.54,90.6
1794,37.0,164.55,94.03
1795,22.0,165.55,105.29
1796,29.0,172.0,124.03
1797,21.0,171.27,64.84
1798,32.0,184.17,87.24
1800,24.0,187.14,94.45
1802,30.0,169.81,105.41
1805,39.0,195.19,62.66
1806,36.0,167.99,78.88
1808,33.0,174.19,93.58
1809,39.0,177.61,52.5
1810,34.0,188.28,119.64
1811,35.0,183.51,72.43
1814,24.0,184.35,109.14
1816,25.0,160.45,72.8
1819,39.0,186.57,85.19
1820,27.0,168.56,95.93
1821,28.0,177.31,79.08
1822,30.0,167.91,94.17
1825,26.0,160.92,94.41
1826,30.0,162.05,99.39
1827,20.0,198.17,70.55
1828,20.0,165.69,120.91
1832,19.0,180.36,114.02
1833,20.0,178.59,52.53
1838,18.0,178.2,101.03
1840,36.0,197.88,183.23
1846,31.0,172.55,66.42
1851,37.0,186.93,63.09
1852,26.0,175.54,94.59
1854,37.0,189.19,114.93
1855,19.0,206.11,95.28
1866,36.0,198.06,86.56
1868,38.0,178.27,51.12
1872,35.0,191.78,108.36
1876,34.0,165.34,118.81
1878,29.0,196.88,90.85
1879,30.0,181.74,102.99
1881,27.0,190.77,75.29
1883,32.0,190.34,110.03
1886,23.0,189.16,154.64
1887,25.0,176.79,101.2
1888,20.0,199.26,67.81
1889,35.0,173.98,80.24
1890,39.0,196.87,53.97
1895,21.0,196.7,56.18
1896,26.0,178.0,64.14
1898,36.0,178.68,85.77
1899,32.0,169.11,87.05
1902,35.0,190.22,91.99
1903,36.0,184.2,84.07
1906,27.0,179.26,71.13
1907,23.0,161.78,84.04
1915,37.0,191.51,83.69
1916,24.0,170.16,100.06
1918,33.0,187.52,97.6
1919,30.0,172.91,78.42
1922,23.0,178.1,105.7
1924,21.0,176.85,81.77
1925,28.0,193.58,111.55
1927,34.0,167.68,66.71
1928,37.0,183.24,63.95
1930,32.0,249.02,97.98
1933,30.0,162.91,99.57
1934,28.0,163.95,130.43
1937,26.0,197.02,117.69
1940,34.0,181.21,76.71
1942,35.0,170.4,68.05
1943,28.0,197.68,67.16
1944,33.0,181.2,100.03
1949,20.0,245.02,81.08
1951,31.0,167.71,70.36
1955,33.0,192.7,71.04
1957,21.0,179.83,111.1
1958,35.0,197.22,88.46
1965,18.0,179.37,56.52
1970,28.0,204.61,78.6
1971,27.0,181.92,76.52
1973,21.0,178.64,98.81
1974,32.0,175.98,104.94
1975,33.0,199.44,55.24
1978,26.0,188.0,102.74
1980,28.0,194.77,84.32
1981,23.0,169.51,121.02
1983,39.0,185.09,96.33
1985,30.0,186.88,65.71
1986,39.0,161.28,54.79
1987,39.0,165.34,83.7
1989,32.0,168.49,101.06
1990,35.0,194.3,80.51
1991,37.0,162.34,73.97
1997,24.0,184.39,55.75
2001,35.0,184.14,76.07
2004,30.0,183.07,80.22
2005,18.0,166.62,76.76
2008,18.0,176.04,101.35
2011,18.0,197.61,110.48
2012,22.0,171.75,61.6
2013,26.0,176.63,77.66
2014,34.0,191.48,81.91
2015,33.0,181.84,56.79
2016,25.0,181.88,100.61
2020,29.0,199.97,97.59
2022,23.0,195.38,199.95
2023,18.0,187.05,92.84
2024,18.0,173.64,79.9
2027,20.0,195.33,91.45
2028,34.0,166.42,74.55
2029,36.0,177.85,65.04
2030,28.0,173.41,116.3
2031,35.0,161.68,111.58
2032,19.0,176.21,80.82
2035,31.0,189.6,79.88
2038,34.0,165.64,114.72
2039,29.0,188.37,92.68
2041,35.0,187.43,62.44
2044,35.0,182.87,88.16
2045,21.0,183.51,88.81
2047,35.0,176.91,80.74
2048,22.0,173.41,97.61
2049,31.0,183.94,57.59
2051,32.0,177.58,102.51
2055,37.0,175.72,78.65
2056,23.0,187.85,74.45
2057,39.0,196.25,94.36
2059,19.0,183.76,129.63
2061,26.0,193.31,88.77
2062,39.0,164.86,81.54
2064,34.0,179.25,93.78
2065,32.0,178.02,95.6
2070,31.0,178.1,56.4
2072,30.0,177.42,76.81
2073,20.0,192.49,100.22
2075,31.0,184.28,116.28
2076,38.0,182.59,73.53
2078,33.0,178.9,87.36
2080,21.0,193.94,93.92
2081,37.0,176.56,50.02
2085,21.0,192.33,113.2
2090,28.0,190.18,70.92
2092,26.0,177.75,75.22
2093,23.0,163.48,112.71
2094,39.0,171.47,102.11
2095,38.0,191.26,57.39
2097,33.0,185.89,101.17
2098,36.0,196.7,109.54
2103,21.0,195.78,83.2
2104,33.0,185.78,107.25
2105,33.0,185.58,95.54
2108,36.0,176.97,68.96
2110,30.0,187.15,102.79
2113,29.0,173.45,95.72
2115,28.0,194.91,95.65
2121,38.0,171.3,128.83
2122,26.0,193.46,100.58
2124,28.0,192.23,94.98
2129,29.0,161.34,64.08
2130,25.0,175.43,100.76
2132,27.0,169.56,78.45
2133,30.0,168.26,88.73
2134,34.0,198.79,53.33
2135,24.0,161.0,90.08
2138,30.0,161.5,72.68
2140,24.0,165.59,116.53
2141,26.0,182.07,90.68
2143,30.0,162.61,125.45
2146,39.0,181.62,90.18
2147,35.0,190.42,84.43
2149,35.0,173.72,83.83
2151,28.0,180.34,88.99
2154,33.0,195.39,56.72
2156,18.0,175.24,86.03
2159,31.0,179.27,148.79
2160,32.0,176.03,107.59
2161,31.0,199.45,95.39
2163,28.0,177.4,109.17
2164,33.0,189.09,169.06
2165,36.0,170.78,113.26
2166,34.0,164.01,105.99
2167,23.0,174.1,85.73
2170,26.0,192.59,93.16
2173,29.0,162.96,76.41
2176,22.0,184.35,75.24
2177,28.0,198.01,89.57
2180,20.0,171.95,51.73
2187,38.0,182.97,93.93
2189,38.0,187.52,100.29
2190,37.0,180.22,74.4
2191,35.0,173.47,91.12
2194,20.0,196.22,102.42
2195,34.0,161.48,93.01
2196,29.0,168.79,79.63
2197,27.0,215.89,93.27
2198,25.0,184.68,73.91
2201,21.0,176.83,115.13
2202,38.0,171.3,128.83
2207,32.0,162.35,70.8
2208,34.0,183.12,80.18
2214,35.0,197.12,62.27
2217,38.0,187.41,97.82
2220,20.0,163.6,55.59
2222,22.0,179.82,53.89
2224,18.0,173.82,90.38
2227,34.0,187.71,114.45
2229,35.0,175.01,92.42
2230,18.0,183.96,83.69
2232,33.0,164.7,72.99
2234,38.0,176.35,114.13
2236,21.0,178.64,98.81
2237,38.0,163.04,134.39
2238,22.0,187.82,66.27
2240,38.0,172.46,80.89
2242,20.0,194.59,76.19
2244,28.0,182.89,103.38
2245,26.0,182.78,101.49
2249,37.0,165.08,105.26
2250,39.0,177.18,87.32
2255,31.0,177.97,110.14
2256,34.0,188.34,114.19
2257,31.0,184.94,85.03
2258,29.0,185.78,88.18
2259,33.0,188.56,108.31
2260,18.0,171.7,87.63
2263,34.0,172.3,105.3
2266,23.0,166.59,86.71
2268,18.0,161.71,57.78
2269,18.0,180.73,105.63
2270,22.0,164.57,62.81
2272,33.0,194.32,92.84
2273,33.0,189.47,63.53
2274,31.0,180.13,83.13
2275,18.0,175.97,97.73
2276,30.0,180.32,107.05
2279,27.0,196.39,86.35
2281,30.0,187.77,76.21
2282,20.0,164.47,95.0
2283,35.0,182.61,62.4
2285,19.0,177.27,90.57
2286,34.0,185.36,77.96
2290,18.0,160.89,85.7
2291,19.0,160.33,108.52
2295,24.0,199.47,82.93
2297,30.0,165.1,95.37
2298,35.0,181.3,113.58
2300,24.0,179.35,95.4
2304,25.0,189.12,84.89
2305,32.0,249.02,97.98
2307,21.0,194.8,75.4
2308,19.0,183.16,92.92
2309,22.0,177.19,106.4
2311,22.0,192.73,102.08
2312,23.0,160.23,52.98
2313,19.0,184.27,117.85
2315,21.0,188.31,147.03
2318,18.0,179.07,61.74
2321,37.0,171.44,87.85
2324,30.0,199.73,210.82
2325,35.0,199.79,111.78
2328,29.0,162.07,116.52
2332,20.0,180.09,98.07
2335,27.0,169.62,75.73
2336,36.0,180.62,50.85
2337,33.0,182.79,73.25
2343,35.0,177.45,64.28
2344,26.0,191.6,81.88
2345,30.0,192.72,85.77
2346,19.0,178.84,55.54
2347,24.0,173.59,91.11
2348,33.0,197.44,52.19
2353,28.0,180.78,90.14
2354,18.0,196.78,217.39
2355,38.0,211.25,100.56
2358,25.0,191.14,90.58
2364,36.0,186.83,102.15
2366,37.0,162.52,97.5
2367,27.0,196.12,106.45
2368,26.0,192.56,96.37
2369,27.0,172.57,72.94
2370,23.0,210.14,76.32
2372,23.0,195.57,51.2
2373,21.0,195.23,98.92
2376,36.0,164.8,119.57
2377,35.0,181.28,98.13
2378,21.0,182.56,52.41
2379,25.0,191.69,107.89
2380,34.0,190.33,69.92
2384,30.0,197.54,80.2
2391,18.0,199.48,96.92
2394,25.0,184.98,109.71
2397,19.0,192.12,56.4
2399,37.0,184.61,69.18
2400,37.0,194.25,67.8
2402,18.0,168.67,106.87
2403,27.0,166.79,102.06
2404,33.0,179.91,91.37
2405,21.0,188.73,85.15
2406,28.0,180.81,79.91
2412,38.0,162.23,86.6
2415,26.0,173.48,198.58
2416,26.0,186.31,96.33
2417,34.0,162.68,54.81
2422,35.0,198.99,69.51
2423,18.0,183.25,81.44
2425,29.0,188.07,97.76
2427,26.0,191.2,75.41
2428,22.0,179.12,54.36
2430,35.0,182.69,52.66
2433,18.0,168.13,115.92
2436,25.0,199.57,84.17
2437,20.0,194.96,81.54
2440,36.0,193.69,95.04
2448,33.0,171.94,68.71
2451,23.0,187.59,93.52
2453,24.0,163.1,61.47
2454,31.0,166.51,93.83
2456,38.0,167.42,81.73
2457,33.0,212.76,67.3
2458,23.0,176.64,68.13
2459,39.0,163.74,111.29
2461,37.0,163.63,82.41
2463,29.0,169.58,75.56
2466,30.0,193.05,129.86
2468,22.0,176.52,115.76
2469,29.0,181.97,80.92
2471,20.0,199.73,234.16
2472,20.0,165.26,55.82
2475,35.0,193.29,118.48
2476,29.0,193.85,82.99
2482,21.0,188.56,103.63
2484,34.0,167.85,96.33
2486,31.0,178.12,97.98
2490,20.0,185.52,83.14
2495,27.0,166.33,61.58
2496,30.0,181.74,102.99
2504,21.0,178.64,98.81
2508,19.0,167.01,76.9
2509,35.0,190.99,112.3
2510,38.0,197.87,92.37
2511,39.0,164.02,54.93
2514,25.0,161.51,74.63
2515,18.0,199.11,76.42
2516,34.0,186.3,72.2
2519,38.0,197.54,99.24
2522,24.0,163.2,97.5
2524,22.0,190.95,81.45
2526,26.0,197.12,90.98
2527,23.0,177.15,86.65
2531,19.0,198.39,91.62
2533,33.0,211.03,106.67
2534,22.0,193.9,58.11
2536,30.0,184.97,117.82
2537,30.0,162.91,72.36
2538,30.0,193.47,83.54
2540,31.0,162.83,78.01
2542,28.0,183.08,70.84
2545,27.0,177.58,105.25
2546,18.0,162.42,72.2
2549,18.0,177.92,96.3
2550,25.0,169.01,72.74
2551,20.0,218.3,86.14
2554,21.0,187.73,109.37
2556,32.0,181.74,108.29
2557,25.0,169.53,57.37
2558,20.0,194.04,59.87
2559,24.0,182.29,88.81
2560,35.0,191.78,108.36
2561,28.0,184.94,171.37
2562,28.0,174.31,91.49
2565,25.0,189.06,55.93
2566,18.0,163.82,66.04
2567,27.0,175.84,89.95
2572,32.0,173.19,108.1
2573,18.0,186.01,64.27
2575,28.0,189.98,85.93
2577,30.0,192.43,82.86
2578,33.0,177.48,115.31
2579,21.0,164.96,100.38
2584,22.0,185.87,52.3
2587,31.0,173.26,88.23
2588,25.0,199.09,117.05
2589,21.0,178.94,102.34
2591,37.0,178.55,74.78
2593,32.0,165.96,93.08
2595,21.0,176.17,89.92
2596,36.0,195.01,66.57
2600,31.0,190.57,114.13
2601,31.0,183.24,82.04
2602,39.0,185.02,95.0
2604,33.0,180.22,113.31
2606,23.0,187.85,74.45
2609,30.0,184.49,174.08
2610,36.0,181.97,117.23
2614,25.0,193.96,83.57
2615,39.0,184.66,110.3
2619,23.0,187.85,74.45
2624,28.0,183.06,74.68
2627,21.0,190.36,100.86
2629,25.0,177.06,117.15
2630,26.0,229.88,108.01
2633,23.0,220.0,79.89
2635,38.0,215.95,95.57
2639,33.0,191.56,83.77
2640,29.0,190.4,69.29
2644,26.0,198.96,106.03
2646,37.0,196.93,91.84
2647,29.0,170.77,120.63
2648,19.0,199.56,72.72
2651,21.0,184.54,103.91
2653,26.0,170.97,93.13
2657,18.0,190.51,93.32
2659,31.0,180.14,106.1
2665,33.0,178.95,150.03
2667,33.0,161.13,101.31
2669,30.0,165.18,75.99
2671,24.0,179.35,95.4
2672,34.0,179.5,81.9
2675,36.0,183.85,105.05
2677,32.0,160.55,108.21
2678,39.0,163.11,86.23
2680,18.0,166.16,88.44
2684,27.0,187.9,114.06
2686,22.0,184.56,74.74
2691,30.0,174.6,79.92
2696,21.0,187.25,100.39
2700,24.0,164.23,108.27
2701,31.0,189.76,118.27
2702,36.0,195.61,189.88
2704,39.0,176.54,71.37
2705,30.0,162.91,65.56
2707,18.0,208.63,88.51
2708,36.0,184.56,119.43
2710,21.0,177.35,63.8
2711,27.0,183.73,63.19
2712,20.0,249.14,82.71
2713,37.0,197.65,74.67
2714,26.0,183.55,82.01
2715,20.0,172.45,60.4
2716,23.0,177.99,78.35
2718,29.0,166.46,89.5
2719,18.0,171.71,56.86
2720,33.0,187.18,108.82
2721,22.0,187.47,154.33
2722,26.0,191.7,100.68
2723,27.0,165.22,79.3
2725,32.0,175.11,56.87
2729,35.0,174.07,101.84
2731,20.0,176.84,102.56
2739,18.0,164.06,92.98
2745,19.0,191.39,118.02
2746,24.0,179.42,59.55
2748,27.0,163.29,105.87
2750,38.0,170.85,56.37
2752,29.0,199.09,75.94
2753,20.0,164.45,101.01
2755,29.0,178.92,103.95
2756,21.0,198.74,77.72
2757,33.0,190.87,81.59
2758,37.0,195.93,78.3
2759,35.0,173.35,104.33
2761,39.0,164.11,55.53
2763,38.0,194.22,80.99
2768,39.0,181.36,92.45
2773,30.0,186.36,79.86
2775,28.0,191.9,94.65
2778,30.0,182.44,117.86
2779,36.0,181.34,106.69
2781,33.0,199.27,103.23
2782,35.0,176.44,79.71
2784,30.0,163.99,77.07
2789,24.0,184.43,79.98
2790,32.0,164.77,79.7
2791,25.0,196.96,84.47
2798,30.0,169.82,102.23
2800,26.0,175.57,95.97
2801,28.0,179.51,82.25
2802,28.0,199.59,75.23
2803,33.0,168.56,77.42
2808,27.0,171.7,66.25
2809,35.0,163.26,100.31
2811,21.0,177.1,99.52
2813,24.0,199.54,67.04
2814,35.0,178.79,111.82
2819,25.0,163.83,92.11
2822,19.0,183.58,88.32
2823,32.0,173.78,54.34
2824,31.0,185.03,70.95
2825,35.0,196.42,108.06
2827,37.0,180.2,61.86
2829,21.0,187.74,50.08
2830,37.0,188.79,83.81
2831,23.0,184.58,90.88
2832,23.0,187.19,91.68
2833,28.0,180.34,88.99
2835,20.0,187.37,85.66
2836,30.0,168.62,100.77
2837,39.0,176.79,84.9
2840,32.0,198.8,78.1
2842,35.0,191.78,108.36
2845,33.0,168.04,85.29
2848,26.0,164.5,68.87
2849,20.0,185.18,105.03
2850,37.0,167.79,68.88
2855,23.0,187.85,74.45
2857,29.0,216.88,50.51
2859,38.0,179.35,63.99
2860,37.0,166.01,50.98
2864,36.0,186.48,67.97
2867,29.0,166.24,80.78
2870,33.0,167.76,83.85
2871,32.0,186.25,104.67
2879,24.0,165.81,106.38
2881,34.0,190.99,89.58
2882,26.0,173.49,65.82
2883,30.0,185.32,78.07
2884,28.0,162.01,63.38
2885,37.0,184.61,69.18
2886,23.0,166.11,87.85
2888,24.0,174.22,119.5
2889,29.0,171.26,97.72
2890,39.0,193.64,65.22
2891,37.0,162.01,74.74
2895,20.0,196.47,68.81
2898,38.0,188.59,83.6
2899,32.0,181.09,117.6
2900,25.0,196.03,81.68
2901,18.0,172.52,100.49
2903,31.0,222.32,84.01
2904,21.0,188.23,85.07
2907,32.0,190.23,93.57
2910,36.0,170.43,66.46
2912,23.0,197.63,110.58
2913,32.0,205.61,223.01
2915,33.0,193.1,78.56
2917,39.0,184.0,76.57
2919,26.0,181.42,61.28
2920,34.0,183.12,80.18
2923,29.0,175.62,54.6
2927,27.0,161.74,118.65
2929,19.0,198.84,110.07
2930,21.0,199.17,83.01
2931,36.0,182.04,67.07
2933,32.0,168.56,61.38
2935,23.0,165.71,85.25
2936,20.0,249.14,82.71
2938,33.0,182.93,77.77
2939,19.0,191.24,87.45
2941,28.0,199.12,111.04
2943,21.0,181.73,70.69
2944,37.0,178.64,118.31
2945,24.0,187.16,75.98
2949,36.0,170.89,119.29
2951,36.0,199.44,81.75
2952,38.0,161.96,119.71
2953,20.0,167.89,91.99
2954,28.0,182.49,52.32
2957,26.0,179.33,78.43
2958,38.0,192.84,92.43
2959,26.0,167.26,80.72
2960,27.0,169.78,115.39
2961,30.0,193.31,87.43
2963,39.0,181.01,112.75
2965,20.0,177.0,66.08
2966,25.0,160.24,57.51
2967,37.0,180.31,59.77
2968,27.0,199.93,85.88
2969,30.0,187.8,72.48
2970,20.0,172.34,79.62
2973,26.0,160.62,87.86
2977,28.0,169.05,116.26
2980,26.0,171.56,77.17
2981,19.0,166.89,60.2
2982,19.0,190.49,101.28
2984,33.0,191.11,54.72
2988,37.0,165.47,80.06
2989,35.0,182.05,77.31
2991,28.0,188.22,104.5
2992,34.0,187.21,72.8
2993,37.0,171.69,83.25
2994,33.0,173.21,77.19
2996,30.0,181.74,102.99
3002,30.0,194.12,112.46
3003,21.0,185.11,99.0
3004,20.0,249.14,82.71
3005,29.0,176.11,97.81
3008,19.0,213.93,103.0
3010,39.0,191.72,115.21
3012,29.0,168.28,50.56
3017,37.0,186.22,83.59
3020,37.0,191.67,115.41
3023,19.0,167.47,114.45
3024,22.0,186.2,55.37
3025,37.0,175.03,92.67
3027,24.0,185.97,85.39
3028,23.0,198.26,98.6
3032,36.0,199.58,78.06
3035,31.0,191.71,96.88
3036,20.0,177.31,121.19
3037,35.0,172.74,101.75
3038,32.0,199.45,87.88
3042,24.0,193.69,91.73
3044,18.0,176.16,76.81
3045,35.0,160.65,70.35
3047,36.0,160.51,100.56
3048,18.0,160.05,80.54
3049,22.0,184.64,223.75
3051,20.0,167.68,95.02
3055,39.0,165.98,115.15
3056,36.0,187.82,112.68
3057,29.0,176.11,97.81
3058,30.0,188.85,109.51
3061,23.0,163.15,86.31
3063,21.0,197.83,89.35
3067,21.0,184.22,105.48
3068,37.0,187.19,84.59
3069,21.0,185.72,109.99
3070,32.0,194.45,88.23
3071,38.0,179.46,78.82
3072,22.0,174.65,57.55
3074,19.0,186.5,82.54
3075,24.0,214.38,114.49
3076,34.0,181.24,72.1
3077,33.0,180.98,74.87
3079,37.0,195.25,65.24
3081,28.0,185.9,94.87
3082,19.0,169.95,93.2
3084,19.0,169.93,56.19
3090,32.0,176.93,104.66
3092,34.0,192.46,119.3
3093,26.0,164.39,90.69
3095,21.0,183.54,82.14
3099,33.0,211.03,106.67
3104,33.0,192.9,85.4
3105,21.0,188.83,72.47
3106,39.0,191.3,68.57
3107,39.0,168.34,95.66
3109,33.0,197.92,127.77
3110,37.0,188.67,94.9
3112,28.0,185.55,105.64
3114,37.0,177.03,61.12
3116,18.0,161.26,199.1
3117,37.0,187.82,62.78
3118,28.0,177.54,58.14
3119,29.0,182.09,108.69
3121,25.0,171.1,72.91
3122,28.0,179.04,96.07
3123,21.0,178.83,58.69
3125,27.0,192.83,77.53
3126,36.0,178.05,77.41
3128,19.0,195.82,122.56
3135,27.0,196.37,88.52
3142,24.0,187.26,185.11
3149,38.0,184.33,94.39
3152,24.0,161.15,80.76
3153,26.0,162.57,82.33
3154,21.0,181.52,94.77
3155,30.0,188.75,81.9
3157,36.0,188.88,51.14
3159,26.0,176.48,84.2
3161,19.0,176.16,100.62
3162,23.0,178.15,86.59
3163,22.0,190.56,74.15
3166,39.0,176.44,219.65
3173,27.0,171.4,91.13
3174,27.0,178.2,108.46
3176,27.0,169.34,99.66
3178,34.0,160.31,114.33
3179,22.0,176.16,55.68
3180,23.0,191.75,89.93
3183,35.0,186.76,118.13
3184,21.0,183.19,119.33
3185,25.0,177.83,95.51
3187,36.0,193.44,85.43
3189,20.0,172.85,86.01
3193,23.0,183.31,99.87
3196,33.0,212.49,89.79
3197,38.0,188.18,195.54
3198,36.0,180.8,55.98
3201,26.0,189.07,85.49
3202,34.0,189.91,104.13
3203,32.0,175.9,99.96
3204,24.0,168.42,58.32
3205,39.0,220.34,91.38
3206,36.0,185.9,117.84
3207,20.0,185.58,123.57
3210,35.0,177.09,104.18
3211,25.0,183.66,89.46
3212,36.0,189.36,70.15
3213,23.0,180.6,113.42
3214,18.0,192.56,75.19
3217,36.0,166.03,58.74
3220,32.0,165.48,111.23
3221,28.0,179.53,89.51
3224,27.0,188.87,104.22
3225,29.0,165.64,79.21
3229,27.0,183.4,111.6
3230,23.0,173.13,57.06
3231,34.0,166.33,119.67
3236,39.0,181.58,74.59
3238,25.0,189.75,72.87
3240,33.0,162.34,92.62
3242,23.0,172.79,71.5
3244,18.0,196.28,108.7
3245,35.0,187.93,101.92
3248,27.0,181.92,76.52
3249,22.0,182.79,87.9
3251,34.0,168.71,83.61
3258,33.0,183.55,81.58
3261,34.0,186.66,78.76
3267,29.0,163.65,119.07
3268,38.0,190.0,68.46
3271,19.0,161.13,101.7
3276,18.0,193.48,73.12
3277,20.0,174.93,100.74
3278,27.0,180.25,92.84
3279,32.0,168.53,58.38
3284,38.0,184.53,91.67
3286,38.0,181.83,71.8
3287,22.0,173.96,102.84
3288,21.0,197.41,103.78
3289,39.0,181.36,92.45
3293,35.0,181.28,70.0
3299,22.0,174.54,74.81
3300,20.0,179.25,102.0
3301,22.0,187.2,106.81
3303,22.0,165.41,80.04
3307,35.0,179.25,57.83
3310,18.0,174.37,103.85
3311,33.0,171.71,112.88
3315,24.0,176.55,113.67
3316,25.0,198.1,51.75
3317,38.0,192.95,81.38
3320,29.0,177.4,104.07
3321,36.0,182.35,118.0
3322,27.0,210.87,116.04
3324,29.0,162.11,65.84
3327,33.0,175.61,64.58
3328,26.0,172.95,99.49
3329,24.0,179.25,69.91
3330,37.0,183.05,68.71
3331,39.0,171.49,111.55
3334,24.0,162.22,68.84
3335,27.0,160.1,98.61
3340,36.0,187.22,66.09
3345,19.0,213.93,103.0
3346,30.0,167.83,100.0
3347,26.0,190.58,65.24
3350,36.0,164.43,95.73
3351,24.0,174.1,66.38
3352,23.0,166.94,62.86
3354,36.0,176.7,83.02
3355,28.0,172.02,80.01
3357,27.0,196.75,53.76
3358,30.0,176.02,160.1
3359,29.0,167.69,105.17
3361,27.0,194.16,220.51
3362,37.0,181.9,50.67
3363,35.0,182.92,117.65
3364,21.0,165.99,73.9
3368,20.0,249.14,82.71
3370,39.0,180.67,108.96
3371,19.0,213.93,103.0
3374,30.0,181.1,164.86
3375,24.0,219.94,56.31
3376,27.0,186.27,119.76
3378,39.0,184.98,99.03
3380,22.0,168.7,78.52
3381,29.0,173.37,115.98
3385,23.0,180.86,105.46
3386,36.0,191.16,54.34
3396,20.0,177.4,90.5
3398,37.0,186.65,68.35
3401,26.0,190.21,70.39
3402,31.0,192.15,106.53
3405,36.0,164.56,63.25
3406,38.0,163.36,87.35
3410,21.0,185.24,103.82
3412,24.0,211.65,98.6
3414,23.0,199.14,94.81
3417,38.0,179.75,86.36
3418,30.0,194.96,111.05
3419,27.0,195.49,86.17
3420,35.0,160.44,76.96
3422,25.0,170.86,99.84
3423,28.0,161.56,113.22
3424,34.0,174.94,51.47
3425,35.0,191.89,83.23
3426,38.0,183.85,115.18
3428,33.0,192.52,92.26
3430,30.0,195.6,82.41
3431,33.0,182.11,61.8
3432,38.0,198.71,51.3
3438,25.0,184.52,83.05
3443,31.0,222.32,84.01
3444,33.0,197.58,89.61
3445,28.0,179.38,151.48
3446,37.0,184.61,69.18
3448,27.0,180.78,106.85
3449,34.0,183.12,80.18
3452,36.0,192.7,86.14
3454,26.0,173.54,59.09
3458,37.0,162.26,91.64
3461,22.0,216.17,95.11
3463,21.0,160.73,107.83
3464,19.0,190.23,79.4
3466,26.0,172.4,71.47
3471,36.0,177.78,103.27
3472,18.0,187.34,87.2
3475,35.0,176.83,111.94
3476,20.0,188.27,102.87
3477,35.0,198.93,76.82
3478,19.0,195.73,115.67
3481,20.0,160.14,67.2
3484,36.0,186.77,75.13
3485,35.0,162.43,87.74
3486,30.0,169.49,97.98
3488,36.0,189.22,78.09
3489,29.0,184.97,80.09
3493,30.0,192.6,108.45
3495,36.0,184.68,87.74
3499,23.0,166.74,80.71
3500,36.0,189.11,105.97
3502,21.0,180.46,60.41
3508,25.0,160.25,109.6
3512,39.0,176.2,110.96
3516,24.0,197.61,93.53
3517,37.0,187.72,103.24
3519,24.0,174.66,98.44
3521,38.0,198.97,117.06
3524,23.0,174.75,100.17
3525,18.0,160.4,76.6
3527,36.0,221.35,91.09
3528,29.0,176.11,97.81
3529,32.0,166.44,90.5
3531,37.0,182.62,96.46
3532,25.0,185.49,119.35
3534,33.0,167.24,113.96
3538,37.0,184.61,69.18
3539,31.0,175.82,73.09
3540,32.0,199.09,54.34
3543,25.0,182.69,100.07
3544,36.0,187.01,117.0
3545,22.0,181.96,98.37
3546,30.0,160.14,224.17
3547,33.0,161.6,81.71
3548,18.0,168.03,104.01
3549,30.0,167.44,109.01
3551,28.0,172.2,171.09
3552,38.0,174.4,93.81
3553,25.0,176.82,99.04
3556,30.0,186.96,116.52
3557,20.0,181.49,115.65
3558,21.0,177.77,101.91
3559,37.0,185.38,74.5
3561,32.0,177.11,88.3
3563,30.0,198.14,81.42
3567,31.0,167.08,80.27
3572,33.0,179.42,106.68
3578,32.0,161.3,79.79
3581,30.0,191.86,55.76
3582,26.0,171.53,224.88
3583,32.0,167.77,99.05
3584,20.0,249.14,82.71
3589,25.0,183.3,95.48
3590,34.0,186.98,84.02
3596,32.0,249.02,97.98
3597,33.0,192.68,92.52
3599,23.0,193.57,53.96
3601,29.0,170.92,72.97
3602,35.0,166.79,86.11
3603,33.0,211.03,106.67
3605,37.0,169.09,107.78
3609,18.0,187.8,85.54
3610,38.0,176.05,83.79
3612,32.0,174.24,90.17
3613,39.0,166.79,58.95
3614,30.0,164.25,74.7
3616,26.0,199.91,95.74
3618,21.0,162.18,116.56
3619,30.0,173.19,69.28
3621,22.0,181.12,55.35
3622,24.0,172.06,90.61
3624,22.0,214.6,52.92
3626,31.0,185.4,93.59
3629,37.0,198.78,79.24
3631,34.0,254.87,85.43
3633,38.0,178.1,53.26
3635,37.0,183.27,67.35
3638,38.0,181.7,114.06
3640,24.0,179.35,95.4
3641,18.0,186.19,111.03
3642,26.0,188.95,118.08
3644,29.0,182.07,92.59
3645,36.0,164.2,75.58
3648,33.0,182.87,119.65
3649,27.0,188.13,82.72
3650,39.0,168.1,100.66
3653,38.0,184.54,78.72
3655,34.0,174.17,75.68
3659,28.0,195.42,65.94
3660,24.0,162.66,112.71
3666,38.0,189.07,76.15
3667,35.0,197.77,100.5
3672,30.0,161.81,112.8
3673,36.0,160.07,80.28
3675,38.0,169.66,72.32
3676,22.0,162.49,80.25
3679,27.0,196.6,120.15
3680,33.0,165.61,104.59
3684,38.0,163.96,104.83
3686,25.0,182.88,80.78
3691,34.0,245.53,98.55
3692,28.0,177.37,114.73
3693,26.0,183.54,62.51
3694,22.0,213.31,55.76
3695,27.0,178.22,111.71
3696,32.0,189.37,82.32
3699,38.0,171.89,96.21
3704,37.0,167.49,80.57
3705,22.0,180.17,140.05
3707,28.0,169.43,54.6
3710,21.0,198.36,113.97
3718,33.0,180.33,103.05
3720,30.0,167.44,81.44
3721,28.0,160.19,82.91
3722,34.0,215.02,93.58
3727,29.0,214.6,90.03
3732,26.0,166.81,62.87
3733,38.0,167.59,53.77
3736,38.0,178.5,72.83
3738,28.0,182.69,53.65
3740,24.0,174.42,99.12
3741,38.0,177.08,75.76
3742,27.0,199.28,96.99
3743,21.0,178.64,98.81
3745,22.0,177.55,62.05
3746,28.0,189.75,84.04
3747,26.0,176.47,101.37
3748,33.0,188.64,104.18
3749,26.0,164.38,104.93
3750,39.0,170.82,65.97
3753,31.0,193.1,79.17
3755,35.0,187.01,57.33
3757,23.0,169.48,104.87
3761,29.0,169.4,105.7
3765,35.0,189.03,140.67
3767,20.0,173.44,56.9
3768,26.0,166.79,89.8
3769,21.0,183.23,89.02
3770,34.0,183.12,80.18
3773,26.0,173.55,76.64
3775,22.0,168.46,108.17
3776,32.0,170.63,56.92
3777,32.0,163.79,84.66
3780,20.0,167.46,71.4
3781,23.0,189.87,78.59
3783,30.0,186.73,78.92
3784,30.0,188.68,115.76
3794,38.0,184.05,104.76
3796,25.0,172.68,97.01
3797,29.0,181.58,60.43
3799,32.0,249.02,97.98
3802,37.0,162.59,68.49
3807,18.0,195.16,53.27
3808,19.0,203.53,236.4
3811,25.0,184.08,114.53
3813,29.0,181.97,76.03
3816,38.0,168.8,96.16
3818,28.0,189.09,117.03
3820,36.0,178.28,102.19
3824,24.0,176.47,110.92
3825,25.0,184.63,79.38
3829,27.0,214.48,83.55
3830,39.0,180.51,70.12
3831,18.0,172.23,83.27
3832,23.0,178.38,110.14
3833,30.0,167.46,82.82
3836,28.0,164.13,109.87
3837,20.0,167.91,53.9
3841,28.0,187.26,75.56
3844,22.0,179.59,66.73
3845,21.0,182.56,67.99
3849,19.0,173.05,88.44
3850,22.0,198.44,94.15
3852,24.0,172.45,97.51
3854,29.0,194.52,84.74
3856,28.0,180.34,88.99
3860,29.0,174.26,88.08
3862,19.0,213.93,103.0
3863,19.0,172.34,106.71
3864,21.0,187.18,103.73
3866,33.0,177.45,109.81
3869,19.0,177.23,116.95
3870,20.0,180.07,121.32
3871,36.0,221.35,91.09
3873,36.0,194.71,104.06
3878,31.0,199.9,85.27
3880,20.0,171.89,58.97
3881,23.0,170.3,101.7
3885,36.0,172.73,72.6
3886,27.0,181.92,76.52
3887,32.0,166.57,115.92
3894,36.0,184.77,116.23
3895,34.0,178.32,64.49
3899,30.0,166.55,96.37
3900,30.0,174.38,95.42
3903,33.0,220.53,117.3
3904,32.0,177.25,87.41
3905,34.0,177.84,76.48
3906,39.0,172.34,103.34
3908,36.0,167.41,50.92
3910,39.0,166.95,101.26
3912,22.0,173.21,116.97
3913,24.0,169.25,65.67
3914,19.0,177.05,82.04
3916,29.0,184.1,92.23
3917,27.0,181.95,76.28
3921,19.0,199.52,105.86
3924,34.0,178.82,71.32
3925,20.0,170.66,53.88
3926,24.0,173.79,53.55
3928,25.0,168.77,89.49
3934,27.0,182.41,118.87
3936,23.0,174.92,113.67
3937,18.0,163.11,65.21
3939,29.0,195.16,99.62
3941,30.0,197.34,89.99
3944,28.0,187.6,98.06
3947,19.0,178.51,91.9
3948,29.0,190.98,76.19
3950,33.0,173.14,59.32
3954,36.0,180.82,103.59
3956,24.0,187.76,50.68
3957,18.0,173.4,75.87
3961,21.0,178.64,98.81
3963,38.0,186.34,118.35
3964,19.0,217.48,66.94
3967,29.0,216.74,73.03
3971,34.0,208.56,122.0
3973,28.0,195.73,88.38
3975,25.0,176.83,110.98
3976,27.0,193.31,62.96
3977,25.0,160.77,65.78
3990,31.0,177.7,89.75
3992,19.0,183.84,109.04
3993,36.0,170.02,80.54
3994,29.0,180.96,80.33
3995,37.0,178.85,113.37
4005,39.0,191.24,85.83
4008,39.0,181.36,92.45
4011,21.0,194.24,111.76
4012,23.0,166.7,60.35
4013,39.0,170.62,85.58
4015,24.0,188.49,86.18
4016,32.0,175.04,112.25
4017,38.0,197.11,87.1
4020,39.0,188.36,59.12
4021,38.0,177.22,97.68
4023,22.0,166.57,101.33
4027,26.0,182.07,88.38
4030,38.0,183.71,78.75
4033,39.0,189.9,113.05
4035,23.0,161.85,107.53
4036,38.0,181.99,76.27
4037,33.0,178.68,100.21
4038,22.0,197.11,77.67
4039,26.0,170.29,66.28
4043,29.0,165.17,107.35
4044,27.0,184.5,116.88
4045,37.0,182.33,71.94
4046,37.0,194.45,113.17
4048,30.0,181.03,63.37
4052,38.0,176.17,65.47
4053,27.0,168.77,81.9
4054,20.0,172.11,73.17
4056,20.0,170.07,85.78
4057,22.0,187.47,154.33
4058,33.0,192.0,93.27
4060,23.0,188.25,101.18
4062,37.0,194.95,117.42
4063,33.0,162.11,84.9
4064,19.0,195.57,93.11
4067,35.0,191.78,108.36
4071,25.0,173.88,105.18
4072,23.0,181.53,109.64
4074,24.0,168.66,84.31
4075,35.0,192.12,78.46
4078,25.0,183.15,91.32
4080,39.0,185.13,115.4
4081,31.0,162.56,84.98
4086,33.0,184.0,111.68
4089,33.0,198.13,86.69
4092,31.0,161.19,102.27
4093,29.0,197.34,59.58
4095,18.0,181.51,61.22
4097,37.0,209.16,98.46
4099,32.0,198.75,82.02
4100,21.0,186.89,72.04
4101,24.0,188.52,72.41
4102,33.0,165.33,99.03
4105,39.0,171.82,103.27
4107,33.0,197.77,100.34
4109,39.0,160.38,102.37
4110,23.0,169.49,63.22
4112,33.0,176.88,66.55
4113,28.0,196.82,134.99
4115,23.0,178.28,101.65
4116,18.0,176.44,114.78
4118,36.0,169.74,50.81
4122,30.0,167.94,88.28
4123,24.0,178.9,57.17
4125,38.0,171.3,128.83
4127,38.0,175.13,108.38
4128,34.0,187.35,104.72
4129,26.0,169.14,68.44
4131,30.0,182.29,114.6
4133,21.0,173.04,91.74
4135,21.0,179.92,104.2
4136,35.0,189.87,92.41
4139,27.0,160.71,76.4
4141,38.0,186.45,92.57
4142,27.0,171.93,100.55
4143,22.0,172.69,80.74
4147,34.0,179.89,57.74
4148,26.0,174.35,64.85
4152,25.0,164.82,71.27
4153,22.0,173.79,101.93
4156,26.0,193.92,88.56
4159,31.0,184.51,87.63
4160,39.0,187.53,108.3
4162,28.0,179.03,106.24
4164,38.0,207.63,76.7
4165,25.0,185.76,108.2
4167,35.0,188.77,67.25
4169,30.0,180.79,119.86
4171,32.0,177.98,73.51
4172,35.0,186.28,68.25
4174,24.0,182.4,104.38
4176,28.0,198.88,93.66
4179,32.0,168.07,91.91
4180,30.0,162.82,117.28
4181,31.0,190.91,63.41
4183,30.0,184.36,156.2
4187,32.0,179.19,92.78
4189,29.0,195.84,118.26
4192,29.0,161.04,82.37
4194,21.0,171.46,219.26
4195,21.0,198.89,65.14
4196,19.0,182.34,88.45
4197,29.0,174.93,117.62
4198,24.0,189.16,116.29
4202,25.0,193.98,100.52
4203,31.0,193.75,93.26
4204,18.0,208.53,56.41
4205,38.0,191.58,57.92
4209,21.0,180.56,82.74
4211,35.0,179.62,88.54
4212,36.0,175.74,99.45
4213,33.0,190.52,97.93
4214,31.0,166.74,86.09
4215,25.0,185.26,86.99
4217,26.0,197.87,110.71
4221,25.0,209.76,150.37
4224,27.0,179.98,99.14
4227,29.0,188.59,74.03
4229,30.0,199.09,117.69
4230,36.0,191.86,82.26
4231,29.0,176.11,97.81
4234,33.0,164.88,119.73
4239,23.0,172.57,67.59
4242,30.0,189.92,105.92
4244,24.0,216.52,106.46
4245,19.0,197.89,50.71
4246,23.0,198.17,107.83
4249,37.0,167.53,74.37
4250,25.0,181.18,85.25
4258,21.0,193.11,69.41
4259,20.0,166.55,116.76
4261,39.0,170.89,85.24
4264,36.0,178.84,119.65
4265,39.0,163.8,51.79
4266,22.0,172.75,100.19
4267,30.0,199.71,50.27
4271,19.0,163.15,53.54
4276,19.0,182.99,93.35
4280,35.0,178.59,96.18
4283,32.0,162.23,80.17
4284,26.0,199.11,73.24
4285,28.0,191.62,223.78
4286,38.0,179.6,105.14
4288,38.0,183.7,73.66
4289,26.0,187.27,99.05
4290,33.0,211.03,106.67
4292,39.0,192.57,82.94
4294,34.0,192.12,82.15
4295,21.0,195.17,143.71
4296,32.0,197.51,120.38
4297,18.0,208.63,88.51
4298,39.0,180.61,104.56
4300,18.0,187.89,107.55
4303,21.0,174.21,56.98
4308,30.0,163.39,93.61
4310,26.0,187.74,80.34
4311,33.0,170.03,91.64
4313,28.0,185.15,101.55
4314,29.0,190.49,89.92
4315,31.0,222.32,84.01
4317,29.0,178.28,98.44
4318,35.0,191.78,108.36
4320,34.0,192.34,95.63
4321,20.0,182.79,85.85
4324,21.0,178.94,86.26
4326,29.0,165.09,107.28
4330,34.0,164.93,107.09
4334,22.0,166.98,126.84
4336,32.0,170.17,55.98
4337,29.0,170.36,68.33
4338,34.0,179.53,58.82
4339,32.0,186.11,65.69
4344,34.0,209.48,112.9
4345,37.0,184.61,69.18
4348,18.0,162.96,108.02
4350,31.0,178.75,94.98
4351,34.0,175.95,112.3
4354,18.0,177.21,223.21
4356,31.0,184.98,75.57
4358,23.0,193.26,97.43
4359,18.0,187.96,116.35
4361,20.0,175.57,115.91
4362,27.0,180.48,116.77
4367,37.0,187.96,104.31
4368,36.0,182.62,94.11
4370,19.0,165.86,98.0
4377,37.0,162.89,61.24
4381,37.0,172.39,69.23
4382,27.0,171.88,86.95
4387,34.0,173.83,66.49
4390,29.0,178.03,80.62
4393,25.0,210.22,98.93
4394,38.0,195.29,112.61
4397,19.0,180.64,57.35
4398,33.0,173.84,119.35
4404,21.0,175.57,73.25
4409,28.0,168.19,115.83
4411,39.0,190.58,71.43
4412,31.0,193.59,164.87
4414,32.0,197.24,87.95
4416,38.0,187.86,96.71
4417,35.0,183.87,190.31
4418,23.0,164.91,90.76
4419,31.0,198.52,57.96
4420,20.0,249.14,82.71
4421,24.0,170.2,84.99
4422,32.0,192.55,84.37
4424,33.0,211.03,106.67
4425,33.0,180.63,136.23
4426,25.0,189.4,80.72
4427,24.0,196.87,91.87
4429,19.0,194.25,85.94
4438,28.0,209.18,106.91
4439,39.0,197.01,84.65
4442,19.0,161.91,54.76
4443,33.0,169.86,97.78
4445,32.0,182.32,67.54
4446,18.0,167.4,74.76
4449,30.0,176.59,52.01
4450,35.0,183.66,93.18
4452,18.0,195.77,114.53
4458,22.0,190.54,113.29
4459,36.0,177.17,52.37
4461,35.0,181.14,97.54
4466,32.0,173.59,118.98
4469,39.0,181.3,90.67
4470,21.0,195.95,85.04
4473,20.0,198.83,92.49
4475,27.0,178.69,68.13
4476,23.0,177.15,113.12
4479,34.0,183.55,77.22
4480,30.0,174.03,109.57
4482,23.0,183.1,59.87
4483,22.0,197.34,95.48
4485,35.0,190.77,83.32
4486,29.0,188.91,61.92
4487,24.0,181.03,51.54
4488,32.0,197.23,64.83
4489,20.0,187.47,87.55
4490,33.0,180.82,83.71
4494,36.0,195.83,99.3
4495,25.0,185.14,75.06
4496,29.0,167.81,111.68
4497,32.0,183.99,95.08
4500,24.0,168.01,50.04
4503,23.0,170.34,89.2
4505,28.0,198.4,106.87
4506,27.0,175.16,95.65
4507,33.0,160.38,110.22
4508,37.0,171.35,59.82
4509,34.0,164.77,80.1
4511,21.0,163.1,77.27
4515,27.0,194.48,109.49
4517,18.0,196.63,65.92
4518,28.0,179.92,68.16
4520,33.0,216.85,212.4
4521,35.0,162.93,96.57
4523,27.0,186.08,54.55
4524,27.0,183.54,55.56
4527,35.0,175.53,100.83
4528,38.0,183.86,97.76
4530,20.0,199.26,60.0
4532,26.0,196.47,100.49
4536,24.0,168.35,70.17
4538,27.0,160.77,132.21
4543,18.0,174.03,90.98
4544,21.0,184.18,115.41
4546,29.0,173.92,102.44
4549,32.0,162.57,59.07
4550,22.0,218.6,50.15
4551,34.0,176.76,130.71
4552,22.0,192.59,88.84
4553,19.0,195.53,114.89
4554,26.0,189.86,73.37
4556,35.0,180.58,78.05
4558,36.0,186.98,179.21
4561,34.0,161.04,99.57
4563,27.0,185.07,62.62
4567,18.0,163.11,64.13
4568,30.0,167.67,78.57
4569,38.0,196.45,100.07
4572,31.0,175.38,50.31
4573,22.0,186.91,104.14
4577,37.0,179.68,97.16
4578,20.0,192.9,54.82
4580,32.0,199.39,114.13
4582,33.0,198.64,109.02
4587,18.0,198.57,54.66
4591,34.0,181.82,61.67
4593,26.0,173.9,73.81
4594,36.0,177.79,82.74
4595,30.0,165.84,89.73
4597,26.0,182.18,115.6
4598,30.0,167.26,57.55
4599,18.0,208.63,88.51
4601,21.0,181.49,85.45
4602,21.0,192.02,103.65
4606,29.0,192.7,94.48
4607,37.0,189.91,80.71
4611,18.0,198.26,87.17
4612,27.0,175.65,105.93
4613,32.0,176.21,59.66
4614,24.0,198.76,65.57
4615,21.0,187.78,68.91
4616,31.0,188.77,68.55
4619,20.0,187.55,57.57
4620,34.0,195.8,95.92
4624,20.0,172.14,73.93
4625,39.0,184.52,82.17
4627,20.0,182.51,74.79
4631,27.0,193.18,170.1
4633,18.0,172.67,87.76
4636,36.0,172.94,87.0
4638,33.0,162.53,62.6
4639,23.0,199.44,88.96
4641,36.0,186.5,60.7
4642,23.0,174.85,52.29
4643,25.0,183.56,67.28
4652,21.0,178.64,98.81
4653,39.0,177.34,76.47
4655,36.0,188.19,71.35
4656,28.0,172.35,93.25
4660,29.0,182.71,111.82
4663,20.0,181.49,112.3
4665,37.0,180.45,58.82
4671,23.0,185.58,86.6
4675,29.0,190.26,117.1
4676,33.0,193.3,68.63
4679,39.0,194.43,59.04
4681,32.0,179.88,94.96
4682,39.0,163.7,81.88
4687,22.0,177.66,51.51
4689,31.0,180.89,54.81
4693,36.0,186.92,66.55
4694,37.0,184.61,69.18
4695,23.0,197.29,62.91
4696,36.0,178.77,151.97
4700,32.0,170.31,88.03
4701,20.0,163.77,105.96
4703,32.0,195.01,113.23
4704,33.0,173.89,77.29
4705,34.0,182.48,114.35
4709,22.0,171.85,63.31
4711,31.0,176.8,99.89
4714,22.0,192.53,69.0
4717,31.0,166.15,85.04
4719,26.0,188.96,87.93
4720,21.0,182.6,61.92
4721,21.0,178.73,83.41
4722,33.0,175.52,73.59
4724,32.0,192.48,53.04
4727,33.0,178.32,116.72
4728,21.0,194.59,118.98
4730,22.0,221.97,116.53
4731,33.0,162.06,102.24
4734,26.0,187.5,134.93
4738,29.0,166.26,78.25
4739,27.0,170.0,125.05
4741,35.0,188.06,64.43
4743,30.0,177.66,102.72
4745,35.0,191.78,108.36
4746,18.0,181.58,61.52
4747,38.0,180.71,84.44
4751,22.0,164.06,75.32
4755,33.0,197.14,100.85
4757,21.0,178.64,98.81
4759,21.0,180.39,114.03
4760,18.0,167.02,115.01
4763,22.0,194.05,87.6
4764,19.0,177.33,94.05
4765,29.0,176.11,97.81
4767,34.0,161.61,110.03
4769,28.0,177.01,116.73
4774,18.0,193.09,105.75
4777,38.0,171.91,110.03
4780,25.0,163.28,58.76
4781,30.0,177.26,78.22
4783,35.0,178.94,62.14
4787,22.0,197.96,52.26
4788,35.0,162.43,72.36
4789,20.0,185.52,95.88
4790,39.0,172.18,89.51
4791,34.0,180.01,169.23
4792,33.0,176.89,119.4
4793,23.0,166.87,53.07
4794,36.0,174.33,66.41
4795,24.0,167.72,77.76
4797,31.0,167.48,114.5
4800,32.0,182.76,78.55
4801,32.0,195.73,79.15
4802,32.0,190.06,117.58
4803,33.0,223.24,91.94
4805,28.0,207.31,99.93
4807,22.0,174.47,94.45
4808,38.0,194.39,66.6
4809,23.0,188.95,111.18
4811,23.0,175.98,203.86
4815,26.0,191.21,116.6
4820,18.0,188.19,108.76
4821,38.0,166.22,106.75
4825,33.0,178.76,101.48
4829,38.0,168.18,112.71
4830,26.0,178.0,91.68
4831,29.0,178.58,107.75
4833,25.0,186.15,65.4
4835,27.0,191.04,76.71
4836,24.0,188.77,92.27
4837,36.0,165.06,50.39
4839,38.0,195.12,92.75
4842,32.0,160.89,117.47
4843,19.0,185.13,77.69
4845,38.0,199.48,65.7
4847,33.0,176.43,50.96
4848,24.0,174.86,88.22
4852,25.0,165.29,110.17
4853,30.0,165.84,91.37
4858,28.0,199.5,119.81
4859,36.0,174.9,90.34
4862,30.0,203.36,95.12
4863,21.0,175.2,106.09
4864,34.0,183.12,80.18
4872,24.0,177.29,56.39
4876,30.0,177.13,88.13
4879,24.0,195.06,72.6
4888,33.0,190.78,54.47
4889,36.0,198.48,76.38
4896,39.0,193.0,87.44
4897,34.0,182.73,104.42
4898,38.0,186.92,181.35
4899,21.0,172.18,140.13
4910,30.0,172.16,81.46
4911,20.0,180.35,112.66
4912,19.0,193.34,71.34
4914,23.0,185.23,92.72
4915,23.0,180.16,119.71
4916,30.0,172.24,91.69
4917,24.0,197.07,105.01
4919,24.0,177.59,149.04
4921,34.0,161.53,100.69
4922,30.0,177.19,85.0
4924,38.0,191.57,99.9
4927,19.0,161.62,60.28
4928,22.0,184.51,70.43
4929,35.0,192.24,85.53
4930,24.0,177.51,73.95
4931,28.0,182.18,89.79
4932,28.0,215.59,53.74
4933,39.0,184.24,85.68
4934,34.0,168.99,161.58
4935,33.0,211.03,106.67
4937,39.0,189.36,69.9
4939,37.0,173.15,62.93
4940,33.0,167.89,97.7
4941,39.0,198.04,114.73
4943,33.0,186.88,127.22
4944,33.0,163.98,58.74
4945,31.0,175.22,84.57
4947,19.0,210.1,50.57
4948,31.0,177.32,81.03
4950,37.0,185.87,96.89
4952,32.0,195.89,87.04
4955,35.0,196.78,86.59
4956,38.0,174.14,100.12
4957,31.0,188.78,74.6
4959,21.0,186.21,99.71
4960,25.0,178.09,111.94
4963,39.0,165.82,61.41
4964,33.0,193.25,65.45
4966,38.0,176.01,86.75
4968,18.0,179.86,86.52
4969,35.0,181.77,63.45
4970,27.0,198.26,68.63
4972,21.0,184.18,93.63
4973,18.0,178.93,80.8
4974,21.0,198.85,77.47
4977,34.0,167.8,55.52
4982,22.0,183.56,104.11
4983,30.0,169.73,100.14
4984,33.0,161.6,92.76
4986,22.0,173.73,69.74
4987,25.0,168.77,89.49
4992,33.0,181.74,236.57
4998,26.0,183.86,53.14
2077,27.0,194.44,94.78
3477,35.0,198.93,72.63
3923,39.0,174.62,75.54
3575,33.0,211.03,106.67
424,37.0,188.38,64.36
1210,24.0,169.73,113.26
4613,32.0,176.81,113.71
914,33.0,181.81,106.6
2560,35.0,178.23,91.14
4504,30.0,171.39,76.19
4172,35.0,191.78,108.36
2686,22.0,184.56,117.97
598,38.0,177.69,73.97
455,32.0,176.48,55.02
3521,38.0,198.97,95.2
3349,33.0,175.02,75.08
1002,35.0,187.79,78.49
2807,29.0,190.56,93.67
4857,29.0,183.14,83.28
4692,32.0,161.22,78.77
3278,27.0,194.98,92.84
3208,18.0,166.92,109.7
2203,37.0,180.1,111.75
4238,31.0,191.48,51.15
1572,34.0,165.34,86.79
832,22.0,171.25,98.91
3798,39.0,187.64,74.23
1501,25.0,187.7,96.02
4529,23.0,187.85,74.45
3112,28.0,185.55,76.14
4293,28.0,241.77,102.44
4241,29.0,178.58,94.1
3914,19.0,195.56,82.04
4256,29.0,167.44,112.23
610,28.0,236.89,73.99
2455,28.0,175.52,61.67
1326,18.0,163.54,57.84
3734,37.0,197.06,90.13
1550,36.0,187.89,111.3
1287,29.0,176.11,97.81
1861,23.0,175.94,85.95
4066,32.0,187.14,97.47
1374,19.0,191.74,113.29
4497,32.0,183.99,190.16
2940,24.0,174.67,93.98
250,36.0,165.03,115.27
4566,25.0,173.51,59.59
2181,34.0,186.93,102.82
3080,19.0,183.44,104.93
1522,28.0,165.52,50.02
827,37.0,184.61,69.18
4558,36.0,176.36,88.71
541,25.0,190.77,69.07
3303,22.0,165.45,118.12
3312,25.0,166.97,82.7
2974,39.0,192.67,56.92
275,30.0,168.87,161.57
2944,37.0,187.36,118.31
1115,28.0,194.39,58.0
2650,18.0,178.54,85.49
721,29.0,180.85,94.58
2695,25.0,186.58,50.28
1326,18.0,170.6,115.68
1689,29.0,220.32,80.77
1850,23.0,161.11,94.43
2114,21.0,171.77,80.57
2963,39.0,196.53,225.51
4590,39.0,181.36,92.45
3099,33.0,175.51,54.7
248,29.0,168.18,86.42
529,25.0,190.52,85.28
4385,33.0,188.95,102.21
4490,33.0,211.03,106.67
1969,39.0,160.71,113.47
4856,32.0,198.46,117.97
565,27.0,190.56,100.19
3757,23.0,169.48,70.98
776,32.0,160.47,114.65
2676,30.0,171.78,138.54
744,30.0,208.77,117.14
3131,31.0,170.8,53.17
1523,37.0,183.65,166.12
4789,20.0,249.14,82.71
4541,27.0,190.88,57.3
3730,27.0,191.8,105.03
1727,33.0,191.07,115.55
2967,37.0,180.31,119.55
4185,18.0,178.85,58.59
1202,32.0,184.02,50.66
4237,34.0,182.28,87.48
303,20.0,187.83,117.22
1803,25.0,198.63,106.57
3130,35.0,195.62,81.11
1883,32.0,190.34,95.57
3449,34.0,188.58,77.69
3857,29.0,194.25,78.8
3917,27.0,181.95,113.05
3403,22.0,182.12,83.7
3300,20.0,187.69,102.0
1780,37.0,185.72,100.35
2218,29.0,197.09,83.71
880,27.0,185.35,72.34
2103,21.0,195.78,96.67
2901,18.0,175.4,100.49
2655,26.0,164.56,81.11
501,35.0,174.16,68.14
2491,24.0,163.8,70.64
2785,21.0,180.18,112.91
3960,33.0,177.42,83.05
2374,37.0,190.31,82.78
4714,22.0,187.47,154.33
3056,36.0,183.21,112.68
301,22.0,180.08,225.42
625,19.0,188.12,110.63
4933,39.0,181.36,92.45
4004,22.0,163.75,102.47
1462,25.0,186.47,138.33
378,31.0,182.42,105.8
1519,38.0,170.29,153.2
4669,28.0,165.63,62.11
304,35.0,197.52,90.6
4932,28.0,191.99,53.74
4605,23.0,167.48,95.17
2182,24.0,199.94,60.2
2905,22.0,177.54,74.51
3822,37.0,168.54,63.13
34,38.0,187.93,96.9
459,38.0,194.98,75.68
707,27.0,193.97,159.32
2410,33.0,225.44,66.11
3827,39.0,181.64,85.28
2875,28.0,181.48,89.65
1477,32.0,249.02,97.98
4948,31.0,161.61,99.75
816,26.0,224.61,104.99
4824,36.0,167.25,73.56
4798,23.0,179.56,89.2
2432,35.0,184.13,87.79
4279,22.0,181.01,182.15
438,39.0,168.48,75.47
333,22.0,170.07,96.05
4143,22.0,193.8,80.74
3190,27.0,164.12,89.86
774,36.0,176.12,103.05
1126,23.0,168.31,64.7
1015,31.0,184.49,77.3
188,26.0,182.48,88.71
3795,27.0,188.49,97.95
4736,31.0,164.76,77.86
1180,19.0,206.97,76.35
4988,33.0,196.24,83.01
3803,26.0,184.85,56.14
4858,28.0,199.5,94.71
2250,39.0,164.15,174.63
1143,35.0,184.59,75.2
2324,30.0,199.73,105.41
132,20.0,169.85,217.78
1746,34.0,183.12,80.18
4890,27.0,191.19,71.67
1334,33.0,193.33,100.07
564,32.0,182.33,94.92
168,27.0,179.21,93.04
747,29.0,188.27,60.33
2146,39.0,162.85,90.18
1859,26.0,194.37,88.01
3095,21.0,179.4,164.28
2890,39.0,193.64,105.56
1023,19.0,189.56,76.19
332,20.0,180.88,84.0
4835,27.0,186.32,153.42
1967,35.0,195.84,107.87
3187,36.0,193.44,170.86
2706,38.0,188.56,71.0
3315,24.0,250.14,113.67
321,31.0,191.4,117.58
32,29.0,220.11,103.0
4854,29.0,169.62,113.15
564,32.0,182.33,189.84
4129,26.0,169.14,115.16
4563,27.0,215.37,125.23
794,33.0,163.55,102.66
2922,34.0,171.14,205.47
4771,22.0,180.14,106.06
2399,37.0,183.63,65.91
3453,28.0,177.15,90.05
4470,21.0,195.95,170.08
2580,18.0,208.63,88.51
807,23.0,185.07,98.73
4691,32.0,190.97,101.61
3611,24.0,179.35,95.4
2700,24.0,164.23,106.2
1487,28.0,165.98,75.09
3912,22.0,173.21,119.36
3850,22.0,198.44,97.52
2652,29.0,170.9,96.86
3905,34.0,214.67,76.48
1705,31.0,186.85,59.86
3232,35.0,166.7,101.41
506,32.0,182.33,87.13
3796,25.0,172.68,89.25
258,32.0,160.73,112.17
143,29.0,175.59,99.82
2678,39.0,163.11,93.06
343,33.0,187.14,71.56
499,36.0,198.02,98.67
3141,19.0,189.42,52.3
4042,31.0,169.73,88.4
2632,33.0,188.91,94.15
4068,18.0,182.12,80.64
1627,20.0,191.57,83.04
1518,20.0,187.95,100.2
3328,26.0,190.39,99.49
2245,26.0,187.15,101.49
1009,37.0,185.1,86.82
2458,23.0,210.39,68.13
2210,20.0,220.46,84.4
3538,37.0,186.12,112.25
4666,33.0,185.45,63.25
4454,30.0,199.21,140.87
1274,27.0,186.05,76.89
673,25.0,168.77,89.49
2130,25.0,182.25,86.63
4395,39.0,176.09,95.07
3155,30.0,177.18,81.9
2375,20.0,182.54,99.44
667,34.0,191.36,199.42
44,36.0,186.87,64.61
2598,38.0,181.91,76.18
1599,27.0,165.25,99.21
785,39.0,192.92,94.56
2380,34.0,190.33,114.49
4093,29.0,197.34,78.34
2624,28.0,191.89,74.68
628,22.0,180.17,79.34
650,24.0,187.27,73.97
1587,39.0,161.97,79.94
4556,35.0,190.73,78.05
2149,35.0,173.72,89.67
3593,38.0,171.3,128.83
2274,31.0,168.62,83.13
27,38.0,163.54,111.97
2034,34.0,183.72,84.33
2471,20.0,199.73,117.08
4887,21.0,199.57,117.07
1461,19.0,184.89,80.52
3447,26.0,177.62,61.66
4790,39.0,172.18,103.74
4515,27.0,182.86,109.49
3123,21.0,178.83,79.11
4117,38.0,182.2,91.11
3651,23.0,186.73,114.19
395,26.0,183.96,104.2
1397,38.0,177.99,105.56
2312,23.0,218.69,52.98
3365,22.0,177.99,238.66
3573,31.0,199.95,107.62
1603,39.0,180.25,67.04
1793,38.0,182.54,114.94
3996,21.0,161.07,90.33
2337,33.0,177.72,146.49
4096,29.0,191.23,99.15
3374,30.0,181.1,82.43
1456,20.0,167.68,128.2
73,32.0,189.33,103.26
1967,35.0,195.84,76.19
4618,31.0,189.92,92.56
640,18.0,190.17,95.66
4800,32.0,181.66,78.55
4703,32.0,213.88,113.23
3770,34.0,185.53,64.81
4233,22.0,191.41,117.72
916,37.0,189.82,86.51
1189,28.0,188.18,93.32
535,21.0,183.12,110.71
1275,18.0,175.92,113.66
4853,30.0,164.56,91.37
1322,35.0,193.49,69.35
2387,31.0,222.32,84.01
1106,21.0,172.87,70.22
1653,22.0,172.96,113.53
3087,19.0,175.51,96.3
288,32.0,190.44,237.42
127,19.0,192.55,104.52
2942,24.0,179.35,95.4
1513,38.0,193.97,117.54
2936,20.0,169.59,114.39
516,25.0,178.94,95.56
4407,27.0,212.8,74.51
60,18.0,217.07,72.9
1249,39.0,175.83,77.53
4724,32.0,192.48,69.83
2833,28.0,184.28,104.4
996,24.0,179.34,55.77
2254,39.0,191.67,94.68
3141,19.0,189.42,104.61
3075,24.0,184.52,114.49
3184,21.0,186.2,119.33
1233,28.0,185.97,56.96
3611,24.0,184.75,117.98
2012,22.0,171.75,90.8
1850,23.0,161.11,115.62
2902,37.0,182.97,94.66
2363,19.0,195.47,107.72
2953,20.0,195.46,91.99
4841,35.0,165.93,83.36
4650,18.0,208.63,88.51
503,23.0,172.48,119.33
2309,22.0,177.19,111.48
1456,20.0,167.68,52.2
836,37.0,181.28,108.67
467,25.0,173.24,53.44
265,39.0,183.69,57.94
1714,26.0,184.87,93.96
3231,34.0,166.33,59.84
3969,29.0,193.26,63.46
754,32.0,178.95,82.24
4926,37.0,174.86,69.01
1451,19.0,213.93,103.0
3721,28.0,160.19,112.34
3416,31.0,164.28,97.58
3972,37.0,183.85,89.13
2078,33.0,192.87,87.36
2603,27.0,171.74,57.21
3560,32.0,190.25,96.36
3779,36.0,161.46,103.61
2909,18.0,198.34,209.11
625,19.0,185.58,110.63
2544,21.0,198.97,51.53
2695,25.0,171.85,50.28
1283,26.0,188.2,88.63
2099,22.0,187.19,53.37
2158,33.0,184.95,72.15
1296,22.0,160.23,89.37
286,30.0,168.58,74.72
52,35.0,197.34,98.39
912,33.0,185.71,107.82
1599,27.0,181.92,76.52
958,24.0,180.03,104.69
4084,25.0,182.24,75.72
1779,39.0,195.83,51.42
2116,22.0,203.35,53.69
1742,27.0,176.06,75.17
1475,20.0,195.0,60.58
1143,35.0,184.59,106.39
939,28.0,176.73,79.47
1893,24.0,191.93,78.93
1098,33.0,211.03,106.67
4906,34.0,193.46,111.79
2443,38.0,163.94,94.08
4173,22.0,160.06,116.96
4995,24.0,179.35,95.4
2482,21.0,193.89,103.63
4200,26.0,172.61,105.85
1193,24.0,168.18,63.84
4591,34.0,188.57,61.67
2846,33.0,191.6,87.95
1706,18.0,199.61,89.35
4825,33.0,179.03,156.74
2529,33.0,182.55,115.3
339,38.0,174.58,51.19
1955,33.0,185.69,71.04
735,29.0,196.25,86.86
2629,25.0,177.06,101.14
1841,18.0,190.47,111.87
128,36.0,179.74,94.17
4618,31.0,198.98,92.56
2114,21.0,171.77,161.14
3631,34.0,168.92,85.43
4664,20.0,178.77,114.62
2287,36.0,170.28,86.92
2802,28.0,199.59,92.28
408,33.0,192.16,95.71
2679,39.0,175.67,98.79
4693,36.0,186.92,139.03
4625,39.0,191.32,82.17
4692,32.0,161.22,113.14
4672,37.0,194.91,100.09
3888,21.0,193.84,73.74
4892,20.0,180.85,101.98
3830,39.0,205.54,70.12
580,36.0,172.67,91.01
3498,30.0,161.41,62.81
3004,20.0,162.59,108.05
1775,38.0,173.14,107.23
1958,35.0,197.22,99.29
217,24.0,182.94,118.45
2460,33.0,179.37,86.06
3222,36.0,170.36,57.85
39,32.0,181.18,99.89
3269,27.0,179.17,58.86
4620,34.0,195.8,83.06
2600,31.0,186.2,114.13
3567,31.0,222.32,84.01
2766,20.0,164.54,92.43
1558,30.0,170.19,106.69
1591,35.0,191.78,108.36
1701,35.0,188.95,82.18
268,35.0,172.27,88.57
4962,39.0,176.98,90.68
3194,28.0,162.07,82.03
3674,29.0,254.89,61.65
4554,26.0,169.79,73.37
4668,27.0,171.56,112.31
1542,26.0,161.68,98.75
3300,20.0,179.25,109.64
1768,32.0,189.11,97.08
4610,31.0,181.65,102.56
2423,18.0,187.25,81.44
1913,24.0,186.1,102.97
3039,23.0,188.43,115.28
3852,24.0,172.45,85.07
4644,39.0,174.25,237.16
1477,32.0,176.14,103.19
3866,33.0,177.45,91.52
3181,32.0,170.65,84.36
3919,18.0,161.83,107.89
3319,33.0,187.41,72.3
4034,29.0,189.22,113.46
3961,21.0,193.44,159.56
2131,28.0,180.34,88.99
1415,28.0,184.49,69.38
4606,29.0,178.2,94.48
888,27.0,174.65,81.59
2421,33.0,224.35,69.99
4395,39.0,176.09,112.18
1257,37.0,191.05,68.0
486,21.0,182.62,104.33
76,28.0,193.07,78.5
2525,34.0,181.15,112.57
1005,18.0,161.98,100.56
3838,36.0,179.19,119.93
1884,19.0,174.87,76.23
1316,27.0,173.64,64.73
4203,31.0,193.75,85.81
4520,33.0,190.02,95.42
244,36.0,221.35,91.09
2367,27.0,196.12,103.46
3689,38.0,182.47,64.19
3340,36.0,180.51,66.09
1118,18.0,173.64,109.01
3811,25.0,181.3,79.14
1615,26.0,246.08,102.63
2787,27.0,161.58,70.46
3531,37.0,178.41,96.46
59,36.0,161.35,110.72
246,30.0,198.65,109.68
1759,26.0,178.5,107.68
1829,18.0,188.34,75.8
1994,22.0,177.32,152.92
265,39.0,170.61,57.94
1232,27.0,171.49,116.02
4433,32.0,186.5,119.99
4321,20.0,195.79,85.85
697,32.0,190.51,145.75
1692,35.0,188.72,95.73
2077,27.0,194.44,85.68
2194,20.0,196.22,92.47
181,31.0,173.69,108.92
2569,20.0,192.34,86.83
4028,34.0,191.85,87.77
4276,19.0,182.99,65.22
4698,23.0,183.45,53.73
1157,18.0,177.76,89.58
2269,18.0,169.76,105.63
4659,23.0,187.47,113.85
4044,27.0,186.63,233.77
4297,18.0,176.22,128.95
4089,33.0,198.13,95.66
2956,34.0,198.2,81.89
3455,38.0,186.32,108.85
4585,33.0,179.88,106.79
1117,37.0,181.91,59.07
371,22.0,185.84,92.42
3434,33.0,164.66,114.46
3708,25.0,197.41,150.11
1223,21.0,166.63,78.64
3971,34.0,187.27,61.0
1985,30.0,182.12,65.71
1908,31.0,179.02,97.06
1312,33.0,173.56,89.39
4588,26.0,172.98,63.21
3579,34.0,192.83,78.95
4938,22.0,187.75,113.29
2547,22.0,189.96,109.76
2135,24.0,182.07,90.08
4234,33.0,211.03,106.67
3558,21.0,177.77,99.07
814,34.0,187.09,98.4
4473,20.0,249.14,82.71
1806,36.0,221.35,91.09
369,18.0,183.64,105.94
3901,28.0,163.35,54.09
3285,24.0,190.47,61.95
1999,33.0,172.58,81.76
354,28.0,199.82,79.94
4541,27.0,192.78,89.84
2062,39.0,164.86,163.09
2369,27.0,172.57,107.11
3971,34.0,191.38,107.5
1247,24.0,187.95,83.55
1093,39.0,171.87,85.5
24,24.0,197.16,173.38
3833,30.0,167.46,82.76
2426,23.0,190.25,117.65
2701,31.0,222.32,84.01
3659,28.0,195.42,131.88
2951,36.0,199.44,114.65
1213,26.0,198.2,87.13
338,27.0,177.59,75.39
3759,38.0,184.47,60.34
3225,29.0,165.64,78.79
270,33.0,197.31,119.4
1626,39.0,164.16,103.48
687,30.0,175.57,53.31
677,34.0,169.16,79.27
4435,19.0,178.94,76.62
544,22.0,216.86,104.12
3933,26.0,161.49,116.5
4804,18.0,178.52,94.5
4203,31.0,215.86,93.26
1768,32.0,174.05,97.08
1427,21.0,182.19,115.38
740,25.0,163.65,78.46
599,32.0,162.27,55.38
3418,30.0,173.38,111.05
440,20.0,173.97,85.91
2155,28.0,172.79,77.69
3595,24.0,198.02,54.46
4914,23.0,179.73,92.72
2374,37.0,190.31,116.83
1308,21.0,160.35,73.41
3908,36.0,221.35,91.09
1684,27.0,190.47,77.17
2739,18.0,172.21,92.98
1648,20.0,175.97,124.93
974,24.0,196.12,98.92
1520,32.0,249.02,97.98
300,21.0,176.23,110.12
4736,31.0,164.76,59.07
4217,26.0,197.87,110.33
4759,21.0,180.39,92.49
2720,33.0,187.18,105.34
91,34.0,176.09,83.4
2226,21.0,185.44,55.34
652,38.0,169.29,102.93
3935,39.0,196.69,96.78
1040,38.0,171.3,128.83
4031,24.0,179.35,95.4
2308,19.0,183.31,92.92
855,22.0,166.66,86.76
2022,23.0,195.38,99.98
2175,39.0,195.59,111.0
4738,29.0,166.26,75.05
2690,30.0,174.49,116.12
3765,35.0,189.03,90.91
4480,30.0,174.03,108.91
3995,37.0,178.85,92.83
1251,34.0,187.28,103.14
2809,35.0,179.27,100.31
2407,33.0,169.75,118.09
4177,32.0,174.46,108.74
330,36.0,221.35,91.09
4512,22.0,183.73,51.06
3367,29.0,197.73,83.01
4919,24.0,214.77,74.52
946,36.0,193.62,89.56
3728,33.0,193.61,100.5
2779,36.0,181.34,90.75
3350,36.0,164.43,191.46
4024,30.0,162.24,117.56
1921,23.0,165.89,90.74
3111,23.0,195.26,93.43
538,18.0,186.7,99.47
2599,30.0,160.96,101.75
3366,22.0,171.14,67.68
3106,39.0,170.54,68.57
1409,35.0,192.77,85.83
4062,37.0,201.33,117.42
3448,27.0,180.78,53.42
1478,28.0,188.1,83.91
3938,39.0,198.39,108.17
972,29.0,176.11,97.81
3730,27.0,181.92,76.52
3891,24.0,178.14,95.34
4160,39.0,187.53,82.05
3727,29.0,185.12,90.03
920,34.0,179.67,97.91
2033,26.0,194.19,92.94
2091,20.0,171.04,91.65
1848,28.0,164.59,50.45
2127,19.0,174.06,92.12
3,29.0,184.57,97.91
71,22.0,164.63,71.54
2938,33.0,182.43,77.77
1279,32.0,249.02,97.98
3400,25.0,168.21,65.42
912,33.0,181.67,107.82
1297,19.0,172.04,74.96
3535,26.0,198.36,129.13
3408,29.0,172.43,95.26
934,27.0,171.55,143.03
154,19.0,250.81,98.58
3276,18.0,193.48,85.5
3746,28.0,169.36,84.04
1520,32.0,171.48,113.35
738,27.0,172.6,56.83
3148,35.0,196.59,177.79
576,27.0,181.92,76.52
3118,28.0,177.54,98.36
2008,18.0,176.04,85.73
2139,36.0,196.71,53.45
4528,38.0,186.36,97.76
4907,27.0,192.58,81.15
667,34.0,191.36,99.71
1043,31.0,172.75,75.48
976,25.0,178.37,81.35
4103,20.0,168.17,57.96
3063,21.0,197.83,96.68
2711,27.0,185.34,63.19
3507,23.0,197.8,93.7
1914,36.0,184.48,62.08
4523,27.0,184.81,54.55
432,25.0,196.33,92.65
4626,36.0,171.87,70.09
979,19.0,160.81,97.57
3835,20.0,180.0,115.42
4570,21.0,160.77,72.23
2239,28.0,170.11,70.84
3646,32.0,160.89,125.43
2925,29.0,199.95,104.23
4503,23.0,170.34,58.62
2515,18.0,213.32,76.42
4206,29.0,167.17,57.59
1274,27.0,171.07,76.89
2296,39.0,172.24,76.91
2073,20.0,249.14,82.71
4673,28.0,177.77,57.72
4304,39.0,171.24,102.04
1706,18.0,171.46,97.86
4863,21.0,165.73,98.78
1059,18.0,182.51,87.44
929,21.0,184.41,71.98
1691,29.0,193.73,87.67
821,24.0,196.45,119.27
426,39.0,175.66,106.62
4401,20.0,213.07,50.35
1863,30.0,175.32,102.62
479,28.0,186.68,92.58
4844,31.0,185.99,51.84
3404,38.0,179.54,95.84
3365,22.0,177.99,119.33
3416,31.0,164.28,93.12
3648,33.0,182.59,119.65
4090,24.0,194.02,85.49
3282,37.0,184.82,106.94
733,18.0,164.75,220.09
3399,24.0,181.86,84.38
4926,37.0,161.16,69.01
552,35.0,199.39,116.33
4813,28.0,171.46,106.18
3594,38.0,181.77,80.71
3590,34.0,183.12,80.18
330,36.0,175.73,235.9
422,37.0,174.92,61.24
3858,36.0,172.4,64.57
2241,26.0,164.84,98.54
155,22.0,171.45,93.31
1784,27.0,177.53,117.63
2980,26.0,186.46,77.17
4354,18.0,170.71,111.61
311,34.0,188.24,81.89
3007,25.0,175.74,81.79
573,24.0,185.59,55.88
4275,21.0,181.52,104.03
1203,27.0,169.89,101.36
4212,36.0,161.59,99.45
1353,19.0,213.93,103.0
746,21.0,181.82,53.34
4996,36.0,180.96,55.23
403,38.0,174.62,107.51
3375,24.0,179.35,95.4
2178,21.0,178.83,50.42
2732,24.0,186.14,60.07
1467,39.0,162.33,66.63
760,26.0,170.98,79.75
2956,34.0,198.2,83.71
4762,25.0,195.54,80.54
763,31.0,179.02,83.15
1099,23.0,165.09,105.62
1867,36.0,181.01,75.2
1391,19.0,162.63,89.61
328,39.0,181.36,92.45
4478,19.0,184.18,107.0
2295,24.0,199.47,88.45
2568,36.0,199.33,113.99
1665,34.0,160.81,95.67
4678,30.0,184.27,127.66
3634,18.0,177.46,86.39
405,28.0,162.2,79.39
2743,35.0,167.83,114.63
1649,32.0,177.92,113.6
1216,31.0,181.51,86.43
1864,28.0,187.81,102.29
817,24.0,212.95,113.03
2164,33.0,211.03,106.67
3302,22.0,195.89,89.71
373,30.0,182.31,102.45
1564,32.0,216.69,110.42
1916,24.0,216.45,167.55
3786,22.0,198.35,105.15
3991,32.0,166.22,88.48
2048,22.0,187.47,154.33
774,36.0,221.35,91.09
4114,30.0,195.17,105.56
3228,34.0,191.89,51.08
451,24.0,192.93,94.34
2085,21.0,192.33,74.84
4418,23.0,164.91,90.45
1919,30.0,172.91,53.19
2267,24.0,189.69,108.97
4227,29.0,172.08,148.05
1510,31.0,187.14,87.24
1048,36.0,162.84,91.7
2428,22.0,217.09,54.36
3997,20.0,163.68,89.63
1494,19.0,186.73,85.81
4239,23.0,172.57,135.18
3040,27.0,184.16,109.99
3855,38.0,176.67,77.19
4677,35.0,195.22,70.76
23,28.0,182.27,83.43
1328,21.0,174.9,107.48
3341,34.0,165.87,107.21
2350,36.0,161.69,88.5
2406,28.0,164.44,79.91
3738,28.0,180.34,88.99
1812,28.0,222.44,63.7
2487,20.0,195.11,87.38
2072,30.0,241.25,153.63
3856,28.0,189.75,100.45
963,21.0,194.12,86.0
3833,30.0,175.49,82.76
4050,32.0,163.33,83.91
546,24.0,166.09,116.98
4471,19.0,199.91,117.96
1852,26.0,165.61,94.59
2029,36.0,173.58,65.04
3368,20.0,195.36,149.55
3704,37.0,167.49,64.59
2982,19.0,190.49,66.1
2698,32.0,179.42,71.88
1615,26.0,178.82,111.58
420,29.0,214.98,79.62
1598,37.0,185.14,55.35
2390,24.0,179.35,95.4
2210,20.0,186.14,84.4
3440,19.0,180.26,89.57
569,28.0,190.29,74.86
2797,33.0,189.63,86.1
2065,32.0,178.02,96.57
3872,23.0,219.31,112.23
1908,31.0,192.7,194.12
3151,28.0,179.6,102.24
4646,29.0,189.17,91.71
3099,33.0,175.51,96.56
3694,22.0,193.67,135.04
2742,28.0,189.23,87.61
4243,21.0,168.87,118.72
2570,21.0,166.4,119.19
4870,24.0,179.35,95.4
36,28.0,167.56,61.91
4410,35.0,187.31,56.52
2883,30.0,185.32,114.27
4159,31.0,184.51,215.81
174,36.0,169.0,98.82
1221,38.0,184.51,70.91
4904,37.0,165.97,88.2
4488,32.0,249.02,97.98
539,34.0,164.03,63.49
806,25.0,164.32,101.95
212,22.0,177.55,63.36
3351,24.0,174.1,85.09
1944,33.0,181.2,200.06
2893,34.0,174.8,50.5
3668,20.0,184.43,72.89
4740,21.0,179.54,81.24
1097,36.0,184.21,82.43
939,28.0,176.73,83.8
966,33.0,187.2,73.85
4298,39.0,182.75,99.62
3294,35.0,175.05,62.96
4460,38.0,194.47,81.33
2612,36.0,169.78,97.81
2842,35.0,198.77,85.78
3587,25.0,184.4,64.19
4492,33.0,181.81,67.34
2429,33.0,189.13,112.83
908,36.0,199.02,67.62
2966,25.0,160.24,115.02
3761,29.0,169.4,91.49
4992,33.0,261.27,118.28
3893,27.0,160.7,67.34
3955,25.0,175.65,89.45
4890,27.0,168.35,71.67
4632,26.0,184.11,76.86
4763,22.0,194.05,96.72
2246,32.0,176.42,107.01
3497,24.0,162.5,87.77
686,34.0,183.12,80.18
3291,20.0,249.14,82.71
3734,37.0,197.06,77.6
4851,32.0,165.52,56.17
3772,19.0,177.65,54.71
2971,39.0,191.05,118.77
3479,27.0,185.86,55.36
2628,28.0,171.88,113.88
4590,39.0,178.04,58.27
1658,19.0,196.0,94.86
2972,25.0,180.34,60.97
3268,38.0,182.84,68.46
4576,22.0,193.89,107.3
594,27.0,182.3,103.92
2820,20.0,175.32,102.72
3705,22.0,187.47,154.33
3849,19.0,173.05,57.3
4310,26.0,187.74,98.12
3582,26.0,171.53,112.44
3709,24.0,198.2,61.5
1892,33.0,169.67,102.94
1748,24.0,179.35,95.4
2738,19.0,187.3,80.87
3038,32.0,187.21,87.88
4430,39.0,169.23,67.48
4041,25.0,176.45,90.16
4219,35.0,184.96,68.16
4588,26.0,187.41,63.21
4013,39.0,213.81,85.58
3449,34.0,185.28,77.69
4040,31.0,170.79,84.02
1165,21.0,168.58,80.69
2117,19.0,213.93,103.0
2299,38.0,194.32,79.17
4442,19.0,172.46,54.76
4059,34.0,193.37,70.5
2202,38.0,169.47,93.84
3522,35.0,160.69,78.17
1984,23.0,173.45,98.82
1786,33.0,195.8,104.75
311,34.0,170.11,81.89
3876,36.0,188.99,93.94
1423,26.0,191.59,68.55
4651,30.0,161.15,66.82
3116,18.0,161.26,99.55
1514,29.0,179.21,180.04
1822,30.0,167.91,80.69
881,20.0,172.35,112.1
3343,30.0,181.74,102.99
145,20.0,175.46,82.51
1533,38.0,187.84,77.4
105,39.0,181.36,92.45
3761,29.0,173.82,91.49
4659,23.0,187.47,78.72
4097,37.0,172.59,196.92
4010,20.0,177.5,81.76
2789,24.0,179.35,95.4
3947,19.0,173.86,91.9
3148,35.0,196.59,82.75
851,37.0,188.48,54.03
3791,18.0,166.72,114.43
2437,20.0,194.96,163.09
4883,39.0,182.2,101.13
4127,38.0,175.13,92.94
3330,37.0,169.72,137.41
4951,30.0,199.83,115.68
3546,30.0,176.25,112.09
92,23.0,164.1,115.9
1908,31.0,192.7,97.06
3745,22.0,177.55,91.49
2145,25.0,164.62,75.6
4287,34.0,163.46,111.19
2457,33.0,191.69,67.3
2213,27.0,190.89,104.74
1007,30.0,160.4,109.75
4514,37.0,211.21,86.89
3169,26.0,187.74,74.33
2043,28.0,168.65,89.23
2084,37.0,177.28,85.68
1884,19.0,204.77,76.23
752,32.0,249.02,97.98
2203,37.0,180.1,55.88
1245,36.0,187.75,114.55
2205,38.0,197.9,76.15
3322,27.0,162.32,116.04
3303,22.0,165.45,80.04
2094,39.0,181.36,92.45
385,25.0,187.72,100.67
2735,35.0,185.4,86.53
4304,39.0,181.22,102.04
4091,31.0,165.81,60.5
211,28.0,198.69,108.06
1136,27.0,180.45,71.62
4613,32.0,176.81,59.66
634,25.0,179.68,89.84
3145,33.0,172.39,84.23
3777,32.0,163.79,60.13
3702,29.0,186.25,57.53
2535,32.0,168.43,96.59
2153,31.0,208.61,84.24
1803,25.0,198.63,106.74
4007,31.0,181.25,62.94
2637,25.0,178.92,55.84
3938,39.0,183.74,108.17
2371,34.0,171.52,135.13
2221,20.0,165.28,109.61
491,32.0,162.67,239.97
2117,19.0,180.6,105.2
934,27.0,179.03,71.52
206,31.0,178.02,61.77
3298,32.0,196.98,50.92
3988,32.0,186.8,57.61
991,36.0,185.27,53.83
3882,32.0,175.26,94.12
4405,19.0,170.14,108.57
4550,22.0,163.99,100.29
1930,32.0,176.95,113.02
465,21.0,171.57,59.63
4133,21.0,178.64,98.81
489,19.0,189.99,78.79
1585,34.0,161.34,53.74
3047,36.0,183.11,100.56
2587,31.0,179.99,88.23
4548,27.0,160.63,93.28
3509,33.0,178.57,99.6
166,39.0,186.89,73.4
2594,39.0,169.95,72.51
2521,26.0,186.17,106.91
3781,23.0,182.03,78.59
2134,34.0,198.79,106.67
2244,28.0,182.89,89.91
3066,24.0,164.04,99.98
261,38.0,160.37,112.37
3780,20.0,178.89,71.4
1960,23.0,191.43,94.49
1528,23.0,195.08,108.56
4954,26.0,194.35,81.08
845,26.0,167.99,65.89
443,28.0,218.99,114.47
2365,31.0,199.28,94.34
1691,29.0,176.11,97.81
2906,30.0,168.23,104.03
2146,39.0,162.85,90.36
2483,30.0,172.39,101.8
3417,38.0,179.75,57.34
1987,39.0,202.5,83.7
3624,22.0,190.97,52.92
2095,38.0,191.26,90.89
135,33.0,186.75,87.52
2086,39.0,170.54,113.59
3070,32.0,186.42,88.23
3077,33.0,187.32,74.87
2573,18.0,186.01,120.71
3354,36.0,176.7,166.03
226,19.0,166.9,85.42
4729,23.0,197.04,79.54
4694,37.0,211.74,81.94
1183,31.0,178.09,84.29
2782,35.0,176.44,77.23
3406,38.0,208.07,87.35
3047,36.0,160.51,88.1
3740,24.0,187.48,99.12
2060,18.0,188.33,213.92
2192,28.0,165.78,71.75
3464,19.0,190.23,90.28
1654,20.0,187.16,107.97
4021,38.0,169.04,97.68
2997,19.0,168.5,75.2
4135,21.0,178.64,98.81
1772,23.0,188.71,78.82
246,30.0,198.65,219.35
2717,23.0,192.23,57.22
748,34.0,191.62,77.0
2531,19.0,213.93,103.0
3532,25.0,215.01,119.35
394,22.0,194.59,101.69
176,19.0,213.93,103.0
4140,35.0,161.34,81.7
1658,19.0,196.0,89.74
3990,31.0,222.32,84.01
1489,20.0,186.3,153.36
4985,39.0,199.42,94.3
2453,24.0,179.35,95.4
3742,27.0,217.71,96.99
3489,29.0,184.97,160.18
3078,34.0,185.5,87.95
2930,21.0,184.07,83.01
4562,20.0,166.11,73.12
4245,19.0,197.89,80.4
1301,21.0,198.36,88.88
1685,21.0,182.69,79.49
2783,24.0,190.54,102.61
4298,39.0,182.75,104.56
537,22.0,160.28,85.81
487,29.0,188.62,85.9
1376,18.0,180.51,70.4
4063,33.0,181.44,84.9
3850,22.0,181.13,97.52
2168,28.0,176.12,88.87
285,35.0,195.38,114.84
3996,21.0,183.1,90.33
1922,23.0,187.28,105.7
3624,22.0,190.97,100.34
4232,33.0,166.05,91.19
261,38.0,160.37,78.85
791,34.0,175.37,74.41
4438,28.0,189.46,106.91
3554,25.0,163.95,67.72
4251,25.0,173.61,109.33
636,36.0,166.87,78.95
2487,20.0,195.11,83.59
4686,31.0,178.91,76.24
1577,29.0,187.87,74.78
3653,38.0,184.54,90.71
2310,18.0,185.66,116.88
4369,27.0,181.25,118.76
1923,26.0,232.13,80.13
156,30.0,177.42,62.92
2856,26.0,164.22,95.13
4347,22.0,179.44,99.39
2736,18.0,177.71,85.82
1085,29.0,222.97,68.7
648,20.0,193.87,82.78
2929,19.0,198.84,57.73
2590,24.0,172.92,109.51
1357,27.0,183.0,113.11
4441,24.0,166.93,100.11
249,33.0,217.14,115.15
1889,35.0,183.52,80.24
4883,39.0,181.36,92.45
2540,31.0,162.83,101.38
3226,18.0,173.25,118.07
2868,18.0,176.61,98.81
2522,24.0,216.74,97.5
267,25.0,191.7,82.01
3297,39.0,181.36,92.45
1179,39.0,181.36,92.45
4232,33.0,166.05,98.98
2348,33.0,214.54,52.19
3804,32.0,169.41,83.29
1488,26.0,183.08,84.13
290,34.0,167.22,54.57
1384,27.0,180.26,67.96
2424,18.0,176.7,74.91
3225,29.0,177.35,79.21
3353,35.0,174.93,63.37
1237,36.0,182.43,51.38
3089,27.0,183.26,104.88
2714,26.0,183.55,86.33
3928,25.0,195.31,108.88
2287,36.0,170.28,94.31
1837,38.0,184.08,80.08
2149,35.0,176.92,89.67
2209,29.0,173.15,88.13
4432,29.0,165.57,89.46
3790,39.0,194.49,102.44
838,28.0,168.94,66.32
560,23.0,163.99,79.04
3782,21.0,173.02,83.34
2621,28.0,176.27,216.4
216,18.0,184.08,71.18
3128,19.0,195.82,83.26
4154,36.0,186.44,92.61
1440,33.0,211.03,106.67
4492,33.0,181.81,92.77
4387,34.0,183.12,80.18
483,31.0,179.37,111.43
1407,31.0,162.22,98.13
1237,36.0,171.41,51.38
1430,21.0,169.2,95.54
251,20.0,165.54,117.85
1396,18.0,174.98,113.53
1161,19.0,182.87,96.33
2306,37.0,194.83,91.48
3418,30.0,194.96,89.09
2037,34.0,175.03,83.65
700,27.0,189.1,55.54
2205,38.0,197.9,68.82
3130,35.0,195.62,95.42
2325,35.0,199.79,223.56
4557,31.0,184.61,99.42
1284,39.0,169.07,54.48
1828,20.0,165.69,60.45
3332,31.0,183.7,61.37
2697,29.0,184.33,79.79
1398,25.0,181.75,50.68
2051,32.0,198.86,102.51
3641,18.0,187.79,111.03
4167,35.0,188.77,134.49
2382,30.0,160.59,77.66
3669,37.0,188.63,94.07
2841,28.0,177.27,76.96
4979,36.0,189.61,67.59
3084,19.0,196.09,56.19
3145,33.0,211.03,106.67
2812,26.0,192.09,106.68
3134,28.0,171.15,75.82
4747,38.0,180.71,85.21
1319,27.0,181.92,76.52
829,19.0,196.33,109.53
3224,27.0,188.87,118.18
566,37.0,184.77,90.78
3747,26.0,176.47,113.85
744,30.0,173.0,234.29
2079,24.0,164.89,107.09
1844,19.0,213.93,103.0
2896,18.0,190.04,93.39
4942,39.0,181.53,103.23
1084,21.0,169.24,64.96
2429,33.0,211.03,106.67
1601,23.0,173.52,88.97
1116,21.0,187.62,70.38
1535,37.0,195.0,64.55
3429,29.0,191.45,90.5
4941,39.0,189.56,114.73
264,25.0,179.55,79.92
606,20.0,184.49,57.01
1332,19.0,177.58,53.74
926,31.0,166.12,67.54
3617,32.0,166.56,52.49
2413,39.0,164.96,50.54
1508,21.0,161.72,98.78
3378,39.0,184.98,86.55
108,29.0,179.75,62.65
2751,20.0,184.6,90.8
1683,26.0,193.39,92.6
4841,35.0,176.59,83.36
3108,30.0,190.6,89.13
3652,34.0,167.3,80.24
1561,31.0,182.98,84.08
3660,24.0,186.47,112.71
788,37.0,175.92,90.83
1047,20.0,183.3,89.24
1916,24.0,170.16,83.77
1928,37.0,183.24,127.89
1517,37.0,197.07,90.09
4092,31.0,161.19,73.08
4683,38.0,181.91,88.76
2242,20.0,249.14,82.71
822,35.0,192.83,83.52
2812,26.0,176.41,106.68
1497,25.0,205.75,82.7
4847,33.0,176.43,86.72
4278,39.0,192.81,69.26
1459,38.0,171.3,128.83
2143,30.0,162.61,79.62
1868,38.0,165.8,51.12
2117,19.0,180.6,62.62
2779,36.0,221.35,91.09
3797,29.0,181.22,120.87
4723,34.0,190.67,81.91
135,33.0,199.31,87.52
2804,27.0,183.13,211.09
4455,22.0,184.65,65.32
1900,25.0,167.97,116.43
1380,20.0,249.14,82.71
4910,30.0,180.0,81.46
1314,25.0,165.23,106.77
287,35.0,185.36,82.11
697,32.0,190.51,72.87
2502,34.0,180.89,74.84
3368,20.0,195.36,74.77
2816,28.0,195.65,92.64
1995,21.0,188.12,107.09
4444,29.0,165.73,86.19
1072,28.0,176.08,71.48
79,35.0,187.88,96.16
2067,39.0,176.25,119.43
4018,37.0,183.15,58.11
3371,19.0,180.13,102.25
3289,39.0,171.96,97.8
1922,23.0,178.1,82.56
2289,30.0,212.19,103.18
1232,27.0,171.49,75.88
1195,28.0,187.64,113.78
2861,20.0,249.14,82.71
4946,23.0,190.78,81.99
2316,24.0,175.52,60.3
299,24.0,175.96,83.58
4384,35.0,195.39,60.48
1740,31.0,177.65,106.32
634,25.0,168.77,89.49
3023,19.0,180.37,114.45
4080,39.0,180.59,115.4
1269,18.0,178.04,56.7
3037,35.0,178.72,101.75
4081,31.0,218.44,104.61
3113,20.0,175.51,93.77
2559,24.0,179.35,95.4
2123,30.0,206.97,97.88
1273,24.0,182.31,143.83
298,35.0,199.81,51.18
381,31.0,193.96,69.92
1613,25.0,161.6,98.31
3089,27.0,190.87,104.88
2768,39.0,175.82,104.61
426,39.0,175.66,213.25
4292,39.0,177.44,104.91
2159,31.0,179.27,92.16
2118,34.0,165.23,97.34
2232,33.0,164.7,110.44
1988,22.0,187.45,61.85
4813,28.0,168.69,106.18
2985,36.0,221.35,91.09
4179,32.0,168.07,86.29
628,22.0,180.48,79.34
3754,20.0,160.99,72.34
1534,37.0,170.15,119.29
4725,21.0,192.53,86.58
4201,26.0,197.65,62.35
2435,39.0,184.18,52.85
3699,38.0,184.03,96.21
1341,18.0,179.76,109.59
2474,39.0,180.59,118.06
1524,25.0,172.59,52.05
4985,39.0,199.42,109.68
2657,18.0,190.51,89.43
2668,25.0,160.6,66.39
714,38.0,171.3,128.83
72,39.0,184.01,58.85
3852,24.0,178.01,85.07
2341,19.0,196.89,64.45
4383,30.0,172.23,54.1
4991,28.0,195.56,56.87
894,19.0,178.59,168.25
4070,29.0,219.81,53.51
4209,21.0,171.64,82.74
2259,33.0,188.56,79.88
1240,24.0,169.69,90.15
2042,20.0,160.72,105.1
2093,23.0,163.48,133.81
814,34.0,187.09,68.01
1139,35.0,165.38,119.99
728,37.0,166.69,108.01
902,38.0,188.32,72.55
2278,27.0,181.92,76.52
2132,27.0,169.56,86.81
1860,38.0,176.14,76.85
2898,38.0,188.59,110.77
2739,18.0,208.63,88.51
3980,26.0,171.22,84.96
627,25.0,170.45,87.8
1564,32.0,188.5,110.42
4650,18.0,180.8,70.74
3792,20.0,249.14,82.71
2004,30.0,183.07,98.07
4593,26.0,173.9,98.03
559,24.0,180.92,110.82
629,39.0,172.78,90.81
578,26.0,191.01,96.95
1200,31.0,171.41,72.45
1175,28.0,175.29,101.04
4050,32.0,163.33,97.08
712,21.0,172.05,79.14
2297,30.0,181.74,102.99
820,29.0,193.83,77.45
3876,36.0,188.99,97.21
2752,29.0,199.09,92.82
2893,34.0,174.8,119.19
2732,24.0,180.36,120.14
1933,30.0,162.91,110.33
4749,32.0,160.07,62.25
4501,30.0,164.53,126.42
4357,23.0,198.52,52.81
4025,38.0,183.74,187.86
961,19.0,187.75,110.36
140,24.0,179.35,95.4
886,34.0,181.52,50.74
4233,22.0,191.41,62.54
3989,20.0,169.4,76.09
4242,30.0,173.63,105.92
1863,30.0,216.82,102.62
675,32.0,191.82,170.55
730,24.0,185.17,56.2
1925,28.0,212.69,111.55
96,27.0,173.49,73.47
2620,33.0,186.38,77.59
3564,26.0,178.93,54.28
4067,35.0,192.37,82.44
649,35.0,184.03,110.06
1736,20.0,169.95,95.19
2656,23.0,173.91,233.3
3097,33.0,161.4,51.94
1778,27.0,186.21,56.12
287,35.0,185.36,91.65
1029,37.0,188.52,83.51
1180,19.0,182.59,76.35
2009,23.0,187.85,74.45
1199,27.0,173.11,114.04
4249,37.0,167.53,65.32
4253,25.0,186.04,93.13
129,19.0,168.21,85.98
4938,22.0,178.34,226.58
1978,26.0,172.29,89.83
1042,33.0,187.16,119.28
2892,36.0,175.86,72.72
1164,38.0,183.86,70.19
4189,29.0,176.11,97.81
1394,33.0,171.24,87.44
3382,18.0,198.39,61.65
2048,22.0,168.2,195.23
1258,35.0,182.68,102.57
1682,36.0,172.99,78.04
4732,33.0,198.35,102.21
4231,29.0,176.52,107.74
431,19.0,173.13,68.03
4331,25.0,192.23,93.42
4189,29.0,195.84,236.53
1943,28.0,197.68,123.19
45,22.0,162.99,169.44
2473,18.0,161.97,190.11
3881,23.0,170.3,50.85
3642,26.0,161.74,118.08
642,22.0,169.98,111.02
732,28.0,173.25,87.49
2740,24.0,173.13,74.83
4101,24.0,166.15,72.41
3122,28.0,179.04,122.49
3467,34.0,185.66,78.49
4082,22.0,174.26,95.07
3011,27.0,192.18,115.08
830,23.0,172.38,54.74
4672,37.0,194.91,84.58
2645,19.0,173.1,83.91
2473,18.0,161.97,95.05
511,18.0,178.02,115.75
726,28.0,168.21,78.09
1993,32.0,199.94,69.95
2757,33.0,190.87,65.11
2510,38.0,197.87,117.7
1187,36.0,188.19,88.1
4130,37.0,182.53,87.15
833,35.0,175.76,61.36
4014,33.0,218.35,95.29
3523,29.0,176.11,97.81
1801,27.0,181.92,76.52
4822,39.0,181.36,92.45
1773,25.0,195.88,56.78
3665,33.0,164.49,53.71
2047,35.0,164.42,80.74
250,36.0,179.64,115.27
2171,35.0,174.37,78.67
2780,39.0,181.36,92.45
1545,23.0,178.41,106.63
4417,35.0,183.87,95.16
1983,39.0,185.09,61.87
439,27.0,161.18,84.35
3640,24.0,181.8,107.09
4608,33.0,171.26,80.29
465,21.0,171.57,119.26
3541,23.0,183.28,83.32
4263,30.0,186.27,96.4
4507,33.0,189.36,110.22
1818,24.0,165.27,99.26
3859,29.0,175.71,153.79
3800,26.0,246.08,102.63
4907,27.0,170.72,81.15
134,23.0,164.17,98.85
795,31.0,199.88,76.26
4029,32.0,173.31,98.53
1187,36.0,221.35,91.09
729,33.0,161.14,88.86
1841,18.0,184.12,111.87
2690,30.0,174.49,68.96
2575,28.0,214.6,85.93
3713,37.0,162.91,104.02
492,34.0,199.04,169.02
1790,35.0,168.26,147.25
2388,20.0,160.83,70.8
2058,33.0,180.25,76.78
656,20.0,184.98,57.72
4253,25.0,198.26,93.13
239,23.0,166.79,92.84
405,28.0,162.2,105.53
934,27.0,171.55,71.52
3979,25.0,199.62,82.81
2126,33.0,191.55,89.25
2586,31.0,177.13,89.33
1503,20.0,195.15,112.47
3391,27.0,188.51,106.27
63,24.0,179.35,95.4
2311,22.0,192.73,90.85
3127,21.0,183.73,55.24
4199,37.0,184.28,97.86
2740,24.0,180.19,74.83
1559,26.0,196.97,90.91
3401,26.0,189.75,70.39
3532,25.0,185.49,89.91
1393,27.0,217.62,95.6
1021,34.0,161.49,117.24
4753,23.0,168.2,73.24
4042,31.0,215.03,73.22
2131,28.0,196.14,74.23
3582,26.0,216.72,112.44
3787,18.0,160.86,97.77
3453,28.0,181.35,86.65
3845,21.0,178.64,98.81
975,23.0,187.85,74.45
3763,26.0,165.93,88.31
1165,21.0,168.58,67.43
838,28.0,180.34,88.99
370,18.0,180.15,77.96
1804,29.0,188.36,82.47
412,29.0,215.32,82.75
1166,29.0,162.97,93.48
1110,29.0,165.58,52.23
2606,23.0,171.56,86.46
3020,37.0,193.6,115.41
2858,32.0,180.02,68.44
3548,18.0,168.03,94.07
3262,33.0,183.31,51.62
3167,22.0,166.62,55.49
2941,28.0,199.12,114.53
2235,26.0,168.25,233.79
4325,33.0,184.19,67.73
592,33.0,192.29,80.01
1453,33.0,168.36,112.19
2177,28.0,182.73,89.57
796,33.0,179.21,84.02
3305,20.0,181.71,66.52
3291,20.0,188.71,99.59
1073,34.0,183.03,81.29
1494,19.0,186.73,89.42
727,21.0,174.11,105.69
1267,19.0,195.09,73.81
2903,31.0,180.03,106.44
